Unnamed: 0,Share link identifier,Category,Name,Credits,Base layer,Custom slider ticks,Start date,End date,Step,URL,Scaling,Color Scaling,Map Type,Color,External GeoJSON,Name Key,Show Graph,Graph Title,Graph Plot Colors,Graph Plots First Visible,Graph X-Axis Label,Graph Y-Axis Label,Graph Y-Axis Min,Graph Y-Axis Max,Graph X-Axis Label Interval,Legend Content,Legend Key,Load Data Function,Set Data Function,Number of Levels,Number of Attributes,Vertex Shader,Fragment Shader,Draw Function,Playback Rate,Master Playback Rate,Colormap Src,Layer Description,Featured Themes,Draw Options,Set Data Options,Extras Options
True,plume_20190401_v2,Plume Viz,PARDUMP 2019-04-01 v2,CREATE Lab,bdrk,,20190401010000,20190402010000,10,https://cocalc-www.createlab.org/pardumps/plume_20190401.bin,,,points,,,,,,,,,,,,,,,WebGLVectorTile2.prototype._loadData,WebGLVectorTile2.prototype._setBufferData,,9,WebGLVectorTile2.particleAltFadeVertexShader,WebGLVectorTile2.particleAltFadeFragmentShader,WebGLVectorTile2.prototype._drawParticles,,,,,,"{""pointSize"": 2.0, ""sfactor"": ""ONE"", ""dfactor"": ""ONE_MINUS_SRC_ALPHA"" }","{""hasAltitude"":true, ""startDateMargin"":14400}",
True,plume_20190402_v2,Plume Viz,PARDUMP 2019-04-02 v2,CREATE Lab,bdrk,,20190402010000,20190403010000,10,https://cocalc-www.createlab.org/pardumps/plume_20190402.bin,,,points,,,,,,,,,,,,,,,WebGLVectorTile2.prototype._loadData,WebGLVectorTile2.prototype._setBufferData,,9,WebGLVectorTile2.particleAltFadeVertexShader,WebGLVectorTile2.particleAltFadeFragmentShader,WebGLVectorTile2.prototype._drawParticles,,,,,,"{""pointSize"": 2.0, ""sfactor"": ""ONE"", ""dfactor"": ""ONE_MINUS_SRC_ALPHA"" }","{""hasAltitude"":true, ""startDateMargin"":14400}",
True,plume_20190403_v2,Plume Viz,PARDUMP 2019-04-03 v2,CREATE Lab,bdrk,,20190403010000,20190404010000,10,https://cocalc-www.createlab.org/pardumps/plume_20190403.bin,,,points,,,,,,,,,,,,,,,WebGLVectorTile2.prototype._loadData,WebGLVectorTile2.prototype._setBufferData,,9,WebGLVectorTile2.particleAltFadeVertexShader,WebGLVectorTile2.particleAltFadeFragmentShader,WebGLVectorTile2.prototype._drawParticles,,,,,,"{""pointSize"": 2.0, ""sfactor"": ""ONE"", ""dfactor"": ""ONE_MINUS_SRC_ALPHA"" }","{""hasAltitude"":true, ""startDateMargin"":14400}",
True,plume_20190404_v2,Plume Viz,PARDUMP 2019-04-04 v2,CREATE Lab,bdrk,,20190404010000,20190405010000,10,https://cocalc-www.createlab.org/pardumps/plume_20190404.bin,,,points,,,,,,,,,,,,,,,WebGLVectorTile2.prototype._loadData,WebGLVectorTile2.prototype._setBufferData,,9,WebGLVectorTile2.particleAltFadeVertexShader,WebGLVectorTile2.particleAltFadeFragmentShader,WebGLVectorTile2.prototype._drawParticles,,,,,,"{""pointSize"": 2.0, ""sfactor"": ""ONE"", ""dfactor"": ""ONE_MINUS_SRC_ALPHA"" }","{""hasAltitude"":true, ""startDateMargin"":14400}",
True,plume_20190405_v2,Plume Viz,PARDUMP 2019-04-05 v2,CREATE Lab,bdrk,,20190405010000,20190406010000,10,https://cocalc-www.createlab.org/pardumps/plume_20190405.bin,,,points,,,,,,,,,,,,,,,WebGLVectorTile2.prototype._loadData,WebGLVectorTile2.prototype._setBufferData,,9,WebGLVectorTile2.particleAltFadeVertexShader,WebGLVectorTile2.particleAltFadeFragmentShader,WebGLVectorTile2.prototype._drawParticles,,,,,,"{""pointSize"": 2.0, ""sfactor"": ""ONE"", ""dfactor"": ""ONE_MINUS_SRC_ALPHA"" }","{""hasAltitude"":true, ""startDateMargin"":14400}",
True,plume_20190406_v2,Plume Viz,PARDUMP 2019-04-06 v2,CREATE Lab,bdrk,,20190406010000,20190407010000,10,https://cocalc-www.createlab.org/pardumps/plume_20190406.bin,,,points,,,,,,,,,,,,,,,WebGLVectorTile2.prototype._loadData,WebGLVectorTile2.prototype._setBufferData,,9,WebGLVectorTile2.particleAltFadeVertexShader,WebGLVectorTile2.particleAltFadeFragmentShader,WebGLVectorTile2.prototype._drawParticles,,,,,,"{""pointSize"": 2.0, ""sfactor"": ""ONE"", ""dfactor"": ""ONE_MINUS_SRC_ALPHA"" }","{""hasAltitude"":true, ""startDateMargin"":14400}",
True,plume_20190407_v2,Plume Viz,PARDUMP 2019-04-07 v2,CREATE Lab,bdrk,,20190407010000,20190408010000,10,https://cocalc-www.createlab.org/pardumps/plume_20190407.bin,,,points,,,,,,,,,,,,,,,WebGLVectorTile2.prototype._loadData,WebGLVectorTile2.prototype._setBufferData,,9,WebGLVectorTile2.particleAltFadeVertexShader,WebGLVectorTile2.particleAltFadeFragmentShader,WebGLVectorTile2.prototype._drawParticles,,,,,,"{""pointSize"": 2.0, ""sfactor"": ""ONE"", ""dfactor"": ""ONE_MINUS_SRC_ALPHA"" }","{""hasAltitude"":true, ""startDateMargin"":14400}",
True,plume_20190408_v2,Plume Viz,PARDUMP 2019-04-08 v2,CREATE Lab,bdrk,,20190408010000,20190409010000,10,https://cocalc-www.createlab.org/pardumps/plume_20190408.bin,,,points,,,,,,,,,,,,,,,WebGLVectorTile2.prototype._loadData,WebGLVectorTile2.prototype._setBufferData,,9,WebGLVectorTile2.particleAltFadeVertexShader,WebGLVectorTile2.particleAltFadeFragmentShader,WebGLVectorTile2.prototype._drawParticles,,,,,,"{""pointSize"": 2.0, ""sfactor"": ""ONE"", ""dfactor"": ""ONE_MINUS_SRC_ALPHA"" }","{""hasAltitude"":true, ""startDateMargin"":14400}",
True,plume_20190409_v2,Plume Viz,PARDUMP 2019-04-09 v2,CREATE Lab,bdrk,,20190409010000,20190410010000,10,https://cocalc-www.createlab.org/pardumps/plume_20190409.bin,,,points,,,,,,,,,,,,,,,WebGLVectorTile2.prototype._loadData,WebGLVectorTile2.prototype._setBufferData,,9,WebGLVectorTile2.particleAltFadeVertexShader,WebGLVectorTile2.particleAltFadeFragmentShader,WebGLVectorTile2.prototype._drawParticles,,,,,,"{""pointSize"": 2.0, ""sfactor"": ""ONE"", ""dfactor"": ""ONE_MINUS_SRC_ALPHA"" }","{""hasAltitude"":true, ""startDateMargin"":14400}",
True,plume_20190410_v2,Plume Viz,PARDUMP 2019-04-10 v2,CREATE Lab,bdrk,,20190410010000,20190411010000,10,https://cocalc-www.createlab.org/pardumps/plume_20190410.bin,,,points,,,,,,,,,,,,,,,WebGLVectorTile2.prototype._loadData,WebGLVectorTile2.prototype._setBufferData,,9,WebGLVectorTile2.particleAltFadeVertexShader,WebGLVectorTile2.particleAltFadeFragmentShader,WebGLVectorTile2.prototype._drawParticles,,,,,,"{""pointSize"": 2.0, ""sfactor"": ""ONE"", ""dfactor"": ""ONE_MINUS_SRC_ALPHA"" }","{""hasAltitude"":true, ""startDateMargin"":14400}",
True,plume_20190411_v2,Plume Viz,PARDUMP 2019-04-11 v2,CREATE Lab,bdrk,,20190411010000,20190412010000,10,https://cocalc-www.createlab.org/pardumps/plume_20190411.bin,,,points,,,,,,,,,,,,,,,WebGLVectorTile2.prototype._loadData,WebGLVectorTile2.prototype._setBufferData,,9,WebGLVectorTile2.particleAltFadeVertexShader,WebGLVectorTile2.particleAltFadeFragmentShader,WebGLVectorTile2.prototype._drawParticles,,,,,,"{""pointSize"": 2.0, ""sfactor"": ""ONE"", ""dfactor"": ""ONE_MINUS_SRC_ALPHA"" }","{""hasAltitude"":true, ""startDateMargin"":14400}",
True,plume_20190412_v2,Plume Viz,PARDUMP 2019-04-12 v2,CREATE Lab,bdrk,,20190412010000,20190413010000,10,https://cocalc-www.createlab.org/pardumps/plume_20190412.bin,,,points,,,,,,,,,,,,,,,WebGLVectorTile2.prototype._loadData,WebGLVectorTile2.prototype._setBufferData,,9,WebGLVectorTile2.particleAltFadeVertexShader,WebGLVectorTile2.particleAltFadeFragmentShader,WebGLVectorTile2.prototype._drawParticles,,,,,,"{""pointSize"": 2.0, ""sfactor"": ""ONE"", ""dfactor"": ""ONE_MINUS_SRC_ALPHA"" }","{""hasAltitude"":true, ""startDateMargin"":14400}",
True,plume_20190413_v2,Plume Viz,PARDUMP 2019-04-13 v2,CREATE Lab,bdrk,,20190413010000,20190414010000,10,https://cocalc-www.createlab.org/pardumps/plume_20190413.bin,,,points,,,,,,,,,,,,,,,WebGLVectorTile2.prototype._loadData,WebGLVectorTile2.prototype._setBufferData,,9,WebGLVectorTile2.particleAltFadeVertexShader,WebGLVectorTile2.particleAltFadeFragmentShader,WebGLVectorTile2.prototype._drawParticles,,,,,,"{""pointSize"": 2.0, ""sfactor"": ""ONE"", ""dfactor"": ""ONE_MINUS_SRC_ALPHA"" }","{""hasAltitude"":true, ""startDateMargin"":14400}",
True,plume_20190414_v2,Plume Viz,PARDUMP 2019-04-14 v2,CREATE Lab,bdrk,,20190414010000,20190415010000,10,https://cocalc-www.createlab.org/pardumps/plume_20190414.bin,,,points,,,,,,,,,,,,,,,WebGLVectorTile2.prototype._loadData,WebGLVectorTile2.prototype._setBufferData,,9,WebGLVectorTile2.particleAltFadeVertexShader,WebGLVectorTile2.particleAltFadeFragmentShader,WebGLVectorTile2.prototype._drawParticles,,,,,,"{""pointSize"": 2.0, ""sfactor"": ""ONE"", ""dfactor"": ""ONE_MINUS_SRC_ALPHA"" }","{""hasAltitude"":true, ""startDateMargin"":14400}",
True,plume_20190415_v2,Plume Viz,PARDUMP 2019-04-15 v2,CREATE Lab,bdrk,,20190415010000,20190416010000,10,https://cocalc-www.createlab.org/pardumps/plume_20190415.bin,,,points,,,,,,,,,,,,,,,WebGLVectorTile2.prototype._loadData,WebGLVectorTile2.prototype._setBufferData,,9,WebGLVectorTile2.particleAltFadeVertexShader,WebGLVectorTile2.particleAltFadeFragmentShader,WebGLVectorTile2.prototype._drawParticles,,,,,,"{""pointSize"": 2.0, ""sfactor"": ""ONE"", ""dfactor"": ""ONE_MINUS_SRC_ALPHA"" }","{""hasAltitude"":true, ""startDateMargin"":14400}",
True,plume_20190416_v2,Plume Viz,PARDUMP 2019-04-16 v2,CREATE Lab,bdrk,,20190416010000,20190417010000,10,https://cocalc-www.createlab.org/pardumps/plume_20190416.bin,,,points,,,,,,,,,,,,,,,WebGLVectorTile2.prototype._loadData,WebGLVectorTile2.prototype._setBufferData,,9,WebGLVectorTile2.particleAltFadeVertexShader,WebGLVectorTile2.particleAltFadeFragmentShader,WebGLVectorTile2.prototype._drawParticles,,,,,,"{""pointSize"": 2.0, ""sfactor"": ""ONE"", ""dfactor"": ""ONE_MINUS_SRC_ALPHA"" }","{""hasAltitude"":true, ""startDateMargin"":14400}",
True,plume_20190417_v2,Plume Viz,PARDUMP 2019-04-17 v2,CREATE Lab,bdrk,,20190417010000,20190418010000,10,https://cocalc-www.createlab.org/pardumps/plume_20190417.bin,,,points,,,,,,,,,,,,,,,WebGLVectorTile2.prototype._loadData,WebGLVectorTile2.prototype._setBufferData,,9,WebGLVectorTile2.particleAltFadeVertexShader,WebGLVectorTile2.particleAltFadeFragmentShader,WebGLVectorTile2.prototype._drawParticles,,,,,,"{""pointSize"": 2.0, ""sfactor"": ""ONE"", ""dfactor"": ""ONE_MINUS_SRC_ALPHA"" }","{""hasAltitude"":true, ""startDateMargin"":14400}",
True,plume_20190418_v2,Plume Viz,PARDUMP 2019-04-18 v2,CREATE Lab,bdrk,,20190418010000,20190419010000,10,https://cocalc-www.createlab.org/pardumps/plume_20190418.bin,,,points,,,,,,,,,,,,,,,WebGLVectorTile2.prototype._loadData,WebGLVectorTile2.prototype._setBufferData,,9,WebGLVectorTile2.particleAltFadeVertexShader,WebGLVectorTile2.particleAltFadeFragmentShader,WebGLVectorTile2.prototype._drawParticles,,,,,,"{""pointSize"": 2.0, ""sfactor"": ""ONE"", ""dfactor"": ""ONE_MINUS_SRC_ALPHA"" }","{""hasAltitude"":true, ""startDateMargin"":14400}",
True,plume_20190419_v2,Plume Viz,PARDUMP 2019-04-19 v2,CREATE Lab,bdrk,,20190419010000,20190420010000,10,https://cocalc-www.createlab.org/pardumps/plume_20190419.bin,,,points,,,,,,,,,,,,,,,WebGLVectorTile2.prototype._loadData,WebGLVectorTile2.prototype._setBufferData,,9,WebGLVectorTile2.particleAltFadeVertexShader,WebGLVectorTile2.particleAltFadeFragmentShader,WebGLVectorTile2.prototype._drawParticles,,,,,,"{""pointSize"": 2.0, ""sfactor"": ""ONE"", ""dfactor"": ""ONE_MINUS_SRC_ALPHA"" }","{""hasAltitude"":true, ""startDateMargin"":14400}",
True,plume_20190420_v2,Plume Viz,PARDUMP 2019-04-20 v2,CREATE Lab,bdrk,,20190420010000,20190421010000,10,https://cocalc-www.createlab.org/pardumps/plume_20190420.bin,,,points,,,,,,,,,,,,,,,WebGLVectorTile2.prototype._loadData,WebGLVectorTile2.prototype._setBufferData,,9,WebGLVectorTile2.particleAltFadeVertexShader,WebGLVectorTile2.particleAltFadeFragmentShader,WebGLVectorTile2.prototype._drawParticles,,,,,,"{""pointSize"": 2.0, ""sfactor"": ""ONE"", ""dfactor"": ""ONE_MINUS_SRC_ALPHA"" }","{""hasAltitude"":true, ""startDateMargin"":14400}",
True,plume_20190421_v2,Plume Viz,PARDUMP 2019-04-21 v2,CREATE Lab,bdrk,,20190421010000,20190422010000,10,https://cocalc-www.createlab.org/pardumps/plume_20190421.bin,,,points,,,,,,,,,,,,,,,WebGLVectorTile2.prototype._loadData,WebGLVectorTile2.prototype._setBufferData,,9,WebGLVectorTile2.particleAltFadeVertexShader,WebGLVectorTile2.particleAltFadeFragmentShader,WebGLVectorTile2.prototype._drawParticles,,,,,,"{""pointSize"": 2.0, ""sfactor"": ""ONE"", ""dfactor"": ""ONE_MINUS_SRC_ALPHA"" }","{""hasAltitude"":true, ""startDateMargin"":14400}",
True,plume_20190422_v2,Plume Viz,PARDUMP 2019-04-22 v2,CREATE Lab,bdrk,,20190422010000,20190423010000,10,https://cocalc-www.createlab.org/pardumps/plume_20190422.bin,,,points,,,,,,,,,,,,,,,WebGLVectorTile2.prototype._loadData,WebGLVectorTile2.prototype._setBufferData,,9,WebGLVectorTile2.particleAltFadeVertexShader,WebGLVectorTile2.particleAltFadeFragmentShader,WebGLVectorTile2.prototype._drawParticles,,,,,,"{""pointSize"": 2.0, ""sfactor"": ""ONE"", ""dfactor"": ""ONE_MINUS_SRC_ALPHA"" }","{""hasAltitude"":true, ""startDateMargin"":14400}",
True,plume_20190423_v2,Plume Viz,PARDUMP 2019-04-23 v2,CREATE Lab,bdrk,,20190423010000,20190424010000,10,https://cocalc-www.createlab.org/pardumps/plume_20190423.bin,,,points,,,,,,,,,,,,,,,WebGLVectorTile2.prototype._loadData,WebGLVectorTile2.prototype._setBufferData,,9,WebGLVectorTile2.particleAltFadeVertexShader,WebGLVectorTile2.particleAltFadeFragmentShader,WebGLVectorTile2.prototype._drawParticles,,,,,,"{""pointSize"": 2.0, ""sfactor"": ""ONE"", ""dfactor"": ""ONE_MINUS_SRC_ALPHA"" }","{""hasAltitude"":true, ""startDateMargin"":14400}",
True,plume_20190424_v2,Plume Viz,PARDUMP 2019-04-24 v2,CREATE Lab,bdrk,,20190424010000,20190425010000,10,https://cocalc-www.createlab.org/pardumps/plume_20190424.bin,,,points,,,,,,,,,,,,,,,WebGLVectorTile2.prototype._loadData,WebGLVectorTile2.prototype._setBufferData,,9,WebGLVectorTile2.particleAltFadeVertexShader,WebGLVectorTile2.particleAltFadeFragmentShader,WebGLVectorTile2.prototype._drawParticles,,,,,,"{""pointSize"": 2.0, ""sfactor"": ""ONE"", ""dfactor"": ""ONE_MINUS_SRC_ALPHA"" }","{""hasAltitude"":true, ""startDateMargin"":14400}",
True,plume_20190425_v2,Plume Viz,PARDUMP 2019-04-25 v2,CREATE Lab,bdrk,,20190425010000,20190426010000,10,https://cocalc-www.createlab.org/pardumps/plume_20190425.bin,,,points,,,,,,,,,,,,,,,WebGLVectorTile2.prototype._loadData,WebGLVectorTile2.prototype._setBufferData,,9,WebGLVectorTile2.particleAltFadeVertexShader,WebGLVectorTile2.particleAltFadeFragmentShader,WebGLVectorTile2.prototype._drawParticles,,,,,,"{""pointSize"": 2.0, ""sfactor"": ""ONE"", ""dfactor"": ""ONE_MINUS_SRC_ALPHA"" }","{""hasAltitude"":true, ""startDateMargin"":14400}",
True,plume_20190426_v2,Plume Viz,PARDUMP 2019-04-26 v2,CREATE Lab,bdrk,,20190426010000,20190427010000,10,https://cocalc-www.createlab.org/pardumps/plume_20190426.bin,,,points,,,,,,,,,,,,,,,WebGLVectorTile2.prototype._loadData,WebGLVectorTile2.prototype._setBufferData,,9,WebGLVectorTile2.particleAltFadeVertexShader,WebGLVectorTile2.particleAltFadeFragmentShader,WebGLVectorTile2.prototype._drawParticles,,,,,,"{""pointSize"": 2.0, ""sfactor"": ""ONE"", ""dfactor"": ""ONE_MINUS_SRC_ALPHA"" }","{""hasAltitude"":true, ""startDateMargin"":14400}",
True,plume_20190427_v2,Plume Viz,PARDUMP 2019-04-27 v2,CREATE Lab,bdrk,,20190427010000,20190428010000,10,https://cocalc-www.createlab.org/pardumps/plume_20190427.bin,,,points,,,,,,,,,,,,,,,WebGLVectorTile2.prototype._loadData,WebGLVectorTile2.prototype._setBufferData,,9,WebGLVectorTile2.particleAltFadeVertexShader,WebGLVectorTile2.particleAltFadeFragmentShader,WebGLVectorTile2.prototype._drawParticles,,,,,,"{""pointSize"": 2.0, ""sfactor"": ""ONE"", ""dfactor"": ""ONE_MINUS_SRC_ALPHA"" }","{""hasAltitude"":true, ""startDateMargin"":14400}",
True,plume_20190428_v2,Plume Viz,PARDUMP 2019-04-28 v2,CREATE Lab,bdrk,,20190428010000,20190429010000,10,https://cocalc-www.createlab.org/pardumps/plume_20190428.bin,,,points,,,,,,,,,,,,,,,WebGLVectorTile2.prototype._loadData,WebGLVectorTile2.prototype._setBufferData,,9,WebGLVectorTile2.particleAltFadeVertexShader,WebGLVectorTile2.particleAltFadeFragmentShader,WebGLVectorTile2.prototype._drawParticles,,,,,,"{""pointSize"": 2.0, ""sfactor"": ""ONE"", ""dfactor"": ""ONE_MINUS_SRC_ALPHA"" }","{""hasAltitude"":true, ""startDateMargin"":14400}",
True,plume_20190429_v2,Plume Viz,PARDUMP 2019-04-29 v2,CREATE Lab,bdrk,,20190429010000,20190430010000,10,https://cocalc-www.createlab.org/pardumps/plume_20190429.bin,,,points,,,,,,,,,,,,,,,WebGLVectorTile2.prototype._loadData,WebGLVectorTile2.prototype._setBufferData,,9,WebGLVectorTile2.particleAltFadeVertexShader,WebGLVectorTile2.particleAltFadeFragmentShader,WebGLVectorTile2.prototype._drawParticles,,,,,,"{""pointSize"": 2.0, ""sfactor"": ""ONE"", ""dfactor"": ""ONE_MINUS_SRC_ALPHA"" }","{""hasAltitude"":true, ""startDateMargin"":14400}",
True,plume_20190430_v2,Plume Viz,PARDUMP 2019-04-30 v2,CREATE Lab,bdrk,,20190430010000,20190501010000,10,https://cocalc-www.createlab.org/pardumps/plume_20190430.bin,,,points,,,,,,,,,,,,,,,WebGLVectorTile2.prototype._loadData,WebGLVectorTile2.prototype._setBufferData,,9,WebGLVectorTile2.particleAltFadeVertexShader,WebGLVectorTile2.particleAltFadeFragmentShader,WebGLVectorTile2.prototype._drawParticles,,,,,,"{""pointSize"": 2.0, ""sfactor"": ""ONE"", ""dfactor"": ""ONE_MINUS_SRC_ALPHA"" }","{""hasAltitude"":true, ""startDateMargin"":14400}",
True,plume_20200706_v2,Plume Viz,PARDUMP 2020-07-06 v2,CREATE Lab,bdrk,,20200706010000,20200707010000,10,https://cocalc-www.createlab.org/pardumps/plume_20200706.bin,,,points,,,,,,,,,,,,,,,WebGLVectorTile2.prototype._loadData,WebGLVectorTile2.prototype._setBufferData,,9,WebGLVectorTile2.particleAltFadeVertexShader,WebGLVectorTile2.particleAltFadeFragmentShader,WebGLVectorTile2.prototype._drawParticles,,,,,,"{""pointSize"": 2.0, ""sfactor"": ""ONE"", ""dfactor"": ""ONE_MINUS_SRC_ALPHA"" }","{""hasAltitude"":true, ""startDateMargin"":14400}",
True,plume_20200707_v2,Plume Viz,PARDUMP 2020-07-07 v2,CREATE Lab,bdrk,,20200707010000,20200708010000,10,https://cocalc-www.createlab.org/pardumps/plume_20200707.bin,,,points,,,,,,,,,,,,,,,WebGLVectorTile2.prototype._loadData,WebGLVectorTile2.prototype._setBufferData,,9,WebGLVectorTile2.particleAltFadeVertexShader,WebGLVectorTile2.particleAltFadeFragmentShader,WebGLVectorTile2.prototype._drawParticles,,,,,,"{""pointSize"": 2.0, ""sfactor"": ""ONE"", ""dfactor"": ""ONE_MINUS_SRC_ALPHA"" }","{""hasAltitude"":true, ""startDateMargin"":14400}",
True,plume_20200708_v2,Plume Viz,PARDUMP 2020-07-08 v2,CREATE Lab,bdrk,,20200708010000,20200709010000,10,https://cocalc-www.createlab.org/pardumps/plume_20200708.bin,,,points,,,,,,,,,,,,,,,WebGLVectorTile2.prototype._loadData,WebGLVectorTile2.prototype._setBufferData,,9,WebGLVectorTile2.particleAltFadeVertexShader,WebGLVectorTile2.particleAltFadeFragmentShader,WebGLVectorTile2.prototype._drawParticles,,,,,,"{""pointSize"": 2.0, ""sfactor"": ""ONE"", ""dfactor"": ""ONE_MINUS_SRC_ALPHA"" }","{""hasAltitude"":true, ""startDateMargin"":14400}",
True,plume_20200709_v2,Plume Viz,PARDUMP 2020-07-09 v2,CREATE Lab,bdrk,,20200709010000,20200710010000,10,https://cocalc-www.createlab.org/pardumps/plume_20200709.bin,,,points,,,,,,,,,,,,,,,WebGLVectorTile2.prototype._loadData,WebGLVectorTile2.prototype._setBufferData,,9,WebGLVectorTile2.particleAltFadeVertexShader,WebGLVectorTile2.particleAltFadeFragmentShader,WebGLVectorTile2.prototype._drawParticles,,,,,,"{""pointSize"": 2.0, ""sfactor"": ""ONE"", ""dfactor"": ""ONE_MINUS_SRC_ALPHA"" }","{""hasAltitude"":true, ""startDateMargin"":14400}",
True,plume_20200715_v2,Plume Viz,PARDUMP 2020-07-15 v2,CREATE Lab,bdrk,,20200715010000,20200716010000,10,https://cocalc-www.createlab.org/pardumps/plume_20200715.bin,,,points,,,,,,,,,,,,,,,WebGLVectorTile2.prototype._loadData,WebGLVectorTile2.prototype._setBufferData,,9,WebGLVectorTile2.particleAltFadeVertexShader,WebGLVectorTile2.particleAltFadeFragmentShader,WebGLVectorTile2.prototype._drawParticles,,,,,,"{""pointSize"": 2.0, ""sfactor"": ""ONE"", ""dfactor"": ""ONE_MINUS_SRC_ALPHA"" }","{""hasAltitude"":true, ""startDateMargin"":14400}",
True,plume_20200602_v2,Plume Viz,PARDUMP 2020-06-02 v2,CREATE Lab,bdrk,,20200602010000,20200603010000,10,https://cocalc-www.createlab.org/pardumps/plume_20200602.bin,,,points,,,,,,,,,,,,,,,WebGLVectorTile2.prototype._loadData,WebGLVectorTile2.prototype._setBufferData,,9,WebGLVectorTile2.particleAltFadeVertexShader,WebGLVectorTile2.particleAltFadeFragmentShader,WebGLVectorTile2.prototype._drawParticles,,,,,,"{""pointSize"": 2.0, ""sfactor"": ""ONE"", ""dfactor"": ""ONE_MINUS_SRC_ALPHA"" }","{""hasAltitude"":true, ""startDateMargin"":14400}",
True,plume_20200609_v2,Plume Viz,PARDUMP 2020-06-09 v2,CREATE Lab,bdrk,,20200609010000,20200610010000,10,https://cocalc-www.createlab.org/pardumps/plume_20200609.bin,,,points,,,,,,,,,,,,,,,WebGLVectorTile2.prototype._loadData,WebGLVectorTile2.prototype._setBufferData,,9,WebGLVectorTile2.particleAltFadeVertexShader,WebGLVectorTile2.particleAltFadeFragmentShader,WebGLVectorTile2.prototype._drawParticles,,,,,,"{""pointSize"": 2.0, ""sfactor"": ""ONE"", ""dfactor"": ""ONE_MINUS_SRC_ALPHA"" }","{""hasAltitude"":true, ""startDateMargin"":14400}",
True,plume_20200620_v2,Plume Viz,PARDUMP 2020-06-20 v2,CREATE Lab,bdrk,,20200620010000,20200621010000,10,https://cocalc-www.createlab.org/pardumps/plume_20200620.bin,,,points,,,,,,,,,,,,,,,WebGLVectorTile2.prototype._loadData,WebGLVectorTile2.prototype._setBufferData,,9,WebGLVectorTile2.particleAltFadeVertexShader,WebGLVectorTile2.particleAltFadeFragmentShader,WebGLVectorTile2.prototype._drawParticles,,,,,,"{""pointSize"": 2.0, ""sfactor"": ""ONE"", ""dfactor"": ""ONE_MINUS_SRC_ALPHA"" }","{""hasAltitude"":true, ""startDateMargin"":14400}",
True,plume_20200625_v2,Plume Viz,PARDUMP 2020-06-25 v2,CREATE Lab,bdrk,,20200625010000,20200626010000,10,https://cocalc-www.createlab.org/pardumps/plume_20200625.bin,,,points,,,,,,,,,,,,,,,WebGLVectorTile2.prototype._loadData,WebGLVectorTile2.prototype._setBufferData,,9,WebGLVectorTile2.particleAltFadeVertexShader,WebGLVectorTile2.particleAltFadeFragmentShader,WebGLVectorTile2.prototype._drawParticles,,,,,,"{""pointSize"": 2.0, ""sfactor"": ""ONE"", ""dfactor"": ""ONE_MINUS_SRC_ALPHA"" }","{""hasAltitude"":true, ""startDateMargin"":14400}",
True,plume_20200502_v2,Plume Viz,PARDUMP 2020-05-02 v2,CREATE Lab,bdrk,,20200502010000,20200503010000,10,https://cocalc-www.createlab.org/pardumps/plume_20200502.bin,,,points,,,,,,,,,,,,,,,WebGLVectorTile2.prototype._loadData,WebGLVectorTile2.prototype._setBufferData,,9,WebGLVectorTile2.particleAltFadeVertexShader,WebGLVectorTile2.particleAltFadeFragmentShader,WebGLVectorTile2.prototype._drawParticles,,,,,,"{""pointSize"": 2.0, ""sfactor"": ""ONE"", ""dfactor"": ""ONE_MINUS_SRC_ALPHA"" }","{""hasAltitude"":true, ""startDateMargin"":14400}",
True,plume_20200524_v2,Plume Viz,PARDUMP 2020-05-24 v2,CREATE Lab,bdrk,,20200524010000,20200525010000,10,https://cocalc-www.createlab.org/pardumps/plume_20200524.bin,,,points,,,,,,,,,,,,,,,WebGLVectorTile2.prototype._loadData,WebGLVectorTile2.prototype._setBufferData,,9,WebGLVectorTile2.particleAltFadeVertexShader,WebGLVectorTile2.particleAltFadeFragmentShader,WebGLVectorTile2.prototype._drawParticles,,,,,,"{""pointSize"": 2.0, ""sfactor"": ""ONE"", ""dfactor"": ""ONE_MINUS_SRC_ALPHA"" }","{""hasAltitude"":true, ""startDateMargin"":14400}",
True,plume_20200526_v2,Plume Viz,PARDUMP 2020-05-26 v2,CREATE Lab,bdrk,,20200526010000,20200527010000,10,https://cocalc-www.createlab.org/pardumps/plume_20200526.bin,,,points,,,,,,,,,,,,,,,WebGLVectorTile2.prototype._loadData,WebGLVectorTile2.prototype._setBufferData,,9,WebGLVectorTile2.particleAltFadeVertexShader,WebGLVectorTile2.particleAltFadeFragmentShader,WebGLVectorTile2.prototype._drawParticles,,,,,,"{""pointSize"": 2.0, ""sfactor"": ""ONE"", ""dfactor"": ""ONE_MINUS_SRC_ALPHA"" }","{""hasAltitude"":true, ""startDateMargin"":14400}",
True,plume_20200405_v2,Plume Viz,PARDUMP 2020-04-05 v2,CREATE Lab,bdrk,,20200405010000,20200406010000,10,https://cocalc-www.createlab.org/pardumps/plume_20200405.bin,,,points,,,,,,,,,,,,,,,WebGLVectorTile2.prototype._loadData,WebGLVectorTile2.prototype._setBufferData,,9,WebGLVectorTile2.particleAltFadeVertexShader,WebGLVectorTile2.particleAltFadeFragmentShader,WebGLVectorTile2.prototype._drawParticles,,,,,,"{""pointSize"": 2.0, ""sfactor"": ""ONE"", ""dfactor"": ""ONE_MINUS_SRC_ALPHA"" }","{""hasAltitude"":true, ""startDateMargin"":14400}",
True,plume_20200412_v2,Plume Viz,PARDUMP 2020-04-12 v2,CREATE Lab,bdrk,,20200412010000,20200413010000,10,https://cocalc-www.createlab.org/pardumps/plume_20200412.bin,,,points,,,,,,,,,,,,,,,WebGLVectorTile2.prototype._loadData,WebGLVectorTile2.prototype._setBufferData,,9,WebGLVectorTile2.particleAltFadeVertexShader,WebGLVectorTile2.particleAltFadeFragmentShader,WebGLVectorTile2.prototype._drawParticles,,,,,,"{""pointSize"": 2.0, ""sfactor"": ""ONE"", ""dfactor"": ""ONE_MINUS_SRC_ALPHA"" }","{""hasAltitude"":true, ""startDateMargin"":14400}",
True,plume_20200417_v2,Plume Viz,PARDUMP 2020-04-17 v2,CREATE Lab,bdrk,,20200417010000,20200418010000,10,https://cocalc-www.createlab.org/pardumps/plume_20200417.bin,,,points,,,,,,,,,,,,,,,WebGLVectorTile2.prototype._loadData,WebGLVectorTile2.prototype._setBufferData,,9,WebGLVectorTile2.particleAltFadeVertexShader,WebGLVectorTile2.particleAltFadeFragmentShader,WebGLVectorTile2.prototype._drawParticles,,,,,,"{""pointSize"": 2.0, ""sfactor"": ""ONE"", ""dfactor"": ""ONE_MINUS_SRC_ALPHA"" }","{""hasAltitude"":true, ""startDateMargin"":14400}",
True,plume_20200305_v2,Plume Viz,PARDUMP 2020-03-05 v2,CREATE Lab,bdrk,,20200305020000,20200306020000,10,https://cocalc-www.createlab.org/pardumps/plume_20200305.bin,,,points,,,,,,,,,,,,,,,WebGLVectorTile2.prototype._loadData,WebGLVectorTile2.prototype._setBufferData,,9,WebGLVectorTile2.particleAltFadeVertexShader,WebGLVectorTile2.particleAltFadeFragmentShader,WebGLVectorTile2.prototype._drawParticles,,,,,,"{""pointSize"": 2.0, ""sfactor"": ""ONE"", ""dfactor"": ""ONE_MINUS_SRC_ALPHA"" }","{""hasAltitude"":true, ""startDateMargin"":14400}",
True,plume_20200308_v2,Plume Viz,PARDUMP 2020-03-08 v2,CREATE Lab,bdrk,,20200308020000,20200309020000,10,https://cocalc-www.createlab.org/pardumps/plume_20200308.bin,,,points,,,,,,,,,,,,,,,WebGLVectorTile2.prototype._loadData,WebGLVectorTile2.prototype._setBufferData,,9,WebGLVectorTile2.particleAltFadeVertexShader,WebGLVectorTile2.particleAltFadeFragmentShader,WebGLVectorTile2.prototype._drawParticles,,,,,,"{""pointSize"": 2.0, ""sfactor"": ""ONE"", ""dfactor"": ""ONE_MINUS_SRC_ALPHA"" }","{""hasAltitude"":true, ""startDateMargin"":14400}",
True,plume_20200309_v2,Plume Viz,PARDUMP 2020-03-09 v2,CREATE Lab,bdrk,,20200309010000,20200310010000,10,https://cocalc-www.createlab.org/pardumps/plume_20200309.bin,,,points,,,,,,,,,,,,,,,WebGLVectorTile2.prototype._loadData,WebGLVectorTile2.prototype._setBufferData,,9,WebGLVectorTile2.particleAltFadeVertexShader,WebGLVectorTile2.particleAltFadeFragmentShader,WebGLVectorTile2.prototype._drawParticles,,,,,,"{""pointSize"": 2.0, ""sfactor"": ""ONE"", ""dfactor"": ""ONE_MINUS_SRC_ALPHA"" }","{""hasAltitude"":true, ""startDateMargin"":14400}",
True,plume_20200311_v2,Plume Viz,PARDUMP 2020-03-11 v2,CREATE Lab,bdrk,,20200311010000,20200312010000,10,https://cocalc-www.createlab.org/pardumps/plume_20200311.bin,,,points,,,,,,,,,,,,,,,WebGLVectorTile2.prototype._loadData,WebGLVectorTile2.prototype._setBufferData,,9,WebGLVectorTile2.particleAltFadeVertexShader,WebGLVectorTile2.particleAltFadeFragmentShader,WebGLVectorTile2.prototype._drawParticles,,,,,,"{""pointSize"": 2.0, ""sfactor"": ""ONE"", ""dfactor"": ""ONE_MINUS_SRC_ALPHA"" }","{""hasAltitude"":true, ""startDateMargin"":14400}",
True,plume_20200312_v2,Plume Viz,PARDUMP 2020-03-12 v2,CREATE Lab,bdrk,,20200312010000,20200313010000,10,https://cocalc-www.createlab.org/pardumps/plume_20200312.bin,,,points,,,,,,,,,,,,,,,WebGLVectorTile2.prototype._loadData,WebGLVectorTile2.prototype._setBufferData,,9,WebGLVectorTile2.particleAltFadeVertexShader,WebGLVectorTile2.particleAltFadeFragmentShader,WebGLVectorTile2.prototype._drawParticles,,,,,,"{""pointSize"": 2.0, ""sfactor"": ""ONE"", ""dfactor"": ""ONE_MINUS_SRC_ALPHA"" }","{""hasAltitude"":true, ""startDateMargin"":14400}",
True,plume_20200326_v2,Plume Viz,PARDUMP 2020-03-26 v2,CREATE Lab,bdrk,,20200326010000,20200327010000,10,https://cocalc-www.createlab.org/pardumps/plume_20200326.bin,,,points,,,,,,,,,,,,,,,WebGLVectorTile2.prototype._loadData,WebGLVectorTile2.prototype._setBufferData,,9,WebGLVectorTile2.particleAltFadeVertexShader,WebGLVectorTile2.particleAltFadeFragmentShader,WebGLVectorTile2.prototype._drawParticles,,,,,,"{""pointSize"": 2.0, ""sfactor"": ""ONE"", ""dfactor"": ""ONE_MINUS_SRC_ALPHA"" }","{""hasAltitude"":true, ""startDateMargin"":14400}",
True,plume_20200203_v2,Plume Viz,PARDUMP 2020-02-03 v2,CREATE Lab,bdrk,,20200203020000,20200204020000,10,https://cocalc-www.createlab.org/pardumps/plume_20200203.bin,,,points,,,,,,,,,,,,,,,WebGLVectorTile2.prototype._loadData,WebGLVectorTile2.prototype._setBufferData,,9,WebGLVectorTile2.particleAltFadeVertexShader,WebGLVectorTile2.particleAltFadeFragmentShader,WebGLVectorTile2.prototype._drawParticles,,,,,,"{""pointSize"": 2.0, ""sfactor"": ""ONE"", ""dfactor"": ""ONE_MINUS_SRC_ALPHA"" }","{""hasAltitude"":true, ""startDateMargin"":14400}",
True,plume_20200206_v2,Plume Viz,PARDUMP 2020-02-06 v2,CREATE Lab,bdrk,,20200206020000,20200207020000,10,https://cocalc-www.createlab.org/pardumps/plume_20200206.bin,,,points,,,,,,,,,,,,,,,WebGLVectorTile2.prototype._loadData,WebGLVectorTile2.prototype._setBufferData,,9,WebGLVectorTile2.particleAltFadeVertexShader,WebGLVectorTile2.particleAltFadeFragmentShader,WebGLVectorTile2.prototype._drawParticles,,,,,,"{""pointSize"": 2.0, ""sfactor"": ""ONE"", ""dfactor"": ""ONE_MINUS_SRC_ALPHA"" }","{""hasAltitude"":true, ""startDateMargin"":14400}",
True,plume_20200217_v2,Plume Viz,PARDUMP 2020-02-17 v2,CREATE Lab,bdrk,,20200217020000,20200218020000,10,https://cocalc-www.createlab.org/pardumps/plume_20200217.bin,,,points,,,,,,,,,,,,,,,WebGLVectorTile2.prototype._loadData,WebGLVectorTile2.prototype._setBufferData,,9,WebGLVectorTile2.particleAltFadeVertexShader,WebGLVectorTile2.particleAltFadeFragmentShader,WebGLVectorTile2.prototype._drawParticles,,,,,,"{""pointSize"": 2.0, ""sfactor"": ""ONE"", ""dfactor"": ""ONE_MINUS_SRC_ALPHA"" }","{""hasAltitude"":true, ""startDateMargin"":14400}",
True,plume_20200223_v2,Plume Viz,PARDUMP 2020-02-23 v2,CREATE Lab,bdrk,,20200223020000,20200224020000,10,https://cocalc-www.createlab.org/pardumps/plume_20200223.bin,,,points,,,,,,,,,,,,,,,WebGLVectorTile2.prototype._loadData,WebGLVectorTile2.prototype._setBufferData,,9,WebGLVectorTile2.particleAltFadeVertexShader,WebGLVectorTile2.particleAltFadeFragmentShader,WebGLVectorTile2.prototype._drawParticles,,,,,,"{""pointSize"": 2.0, ""sfactor"": ""ONE"", ""dfactor"": ""ONE_MINUS_SRC_ALPHA"" }","{""hasAltitude"":true, ""startDateMargin"":14400}",
True,plume_20200224_v2,Plume Viz,PARDUMP 2020-02-24 v2,CREATE Lab,bdrk,,20200224020000,20200225020000,10,https://cocalc-www.createlab.org/pardumps/plume_20200224.bin,,,points,,,,,,,,,,,,,,,WebGLVectorTile2.prototype._loadData,WebGLVectorTile2.prototype._setBufferData,,9,WebGLVectorTile2.particleAltFadeVertexShader,WebGLVectorTile2.particleAltFadeFragmentShader,WebGLVectorTile2.prototype._drawParticles,,,,,,"{""pointSize"": 2.0, ""sfactor"": ""ONE"", ""dfactor"": ""ONE_MINUS_SRC_ALPHA"" }","{""hasAltitude"":true, ""startDateMargin"":14400}",
True,plume_20200107_v2,Plume Viz,PARDUMP 2020-01-07 v2,CREATE Lab,bdrk,,20200107020000,20200108020000,10,https://cocalc-www.createlab.org/pardumps/plume_20200107.bin,,,points,,,,,,,,,,,,,,,WebGLVectorTile2.prototype._loadData,WebGLVectorTile2.prototype._setBufferData,,9,WebGLVectorTile2.particleAltFadeVertexShader,WebGLVectorTile2.particleAltFadeFragmentShader,WebGLVectorTile2.prototype._drawParticles,,,,,,"{""pointSize"": 2.0, ""sfactor"": ""ONE"", ""dfactor"": ""ONE_MINUS_SRC_ALPHA"" }","{""hasAltitude"":true, ""startDateMargin"":14400}",
True,plume_20200109_v2,Plume Viz,PARDUMP 2020-01-09 v2,CREATE Lab,bdrk,,20200109020000,20200110020000,10,https://cocalc-www.createlab.org/pardumps/plume_20200109.bin,,,points,,,,,,,,,,,,,,,WebGLVectorTile2.prototype._loadData,WebGLVectorTile2.prototype._setBufferData,,9,WebGLVectorTile2.particleAltFadeVertexShader,WebGLVectorTile2.particleAltFadeFragmentShader,WebGLVectorTile2.prototype._drawParticles,,,,,,"{""pointSize"": 2.0, ""sfactor"": ""ONE"", ""dfactor"": ""ONE_MINUS_SRC_ALPHA"" }","{""hasAltitude"":true, ""startDateMargin"":14400}",
True,plume_20200110_v2,Plume Viz,PARDUMP 2020-01-10 v2,CREATE Lab,bdrk,,20200110020000,20200111020000,10,https://cocalc-www.createlab.org/pardumps/plume_20200110.bin,,,points,,,,,,,,,,,,,,,WebGLVectorTile2.prototype._loadData,WebGLVectorTile2.prototype._setBufferData,,9,WebGLVectorTile2.particleAltFadeVertexShader,WebGLVectorTile2.particleAltFadeFragmentShader,WebGLVectorTile2.prototype._drawParticles,,,,,,"{""pointSize"": 2.0, ""sfactor"": ""ONE"", ""dfactor"": ""ONE_MINUS_SRC_ALPHA"" }","{""hasAltitude"":true, ""startDateMargin"":14400}",
True,plume_20200113_v2,Plume Viz,PARDUMP 2020-01-13 v2,CREATE Lab,bdrk,,20200113020000,20200114020000,10,https://cocalc-www.createlab.org/pardumps/plume_20200113.bin,,,points,,,,,,,,,,,,,,,WebGLVectorTile2.prototype._loadData,WebGLVectorTile2.prototype._setBufferData,,9,WebGLVectorTile2.particleAltFadeVertexShader,WebGLVectorTile2.particleAltFadeFragmentShader,WebGLVectorTile2.prototype._drawParticles,,,,,,"{""pointSize"": 2.0, ""sfactor"": ""ONE"", ""dfactor"": ""ONE_MINUS_SRC_ALPHA"" }","{""hasAltitude"":true, ""startDateMargin"":14400}",
True,plume_20200114_v2,Plume Viz,PARDUMP 2020-01-14 v2,CREATE Lab,bdrk,,20200114020000,20200115020000,10,https://cocalc-www.createlab.org/pardumps/plume_20200114.bin,,,points,,,,,,,,,,,,,,,WebGLVectorTile2.prototype._loadData,WebGLVectorTile2.prototype._setBufferData,,9,WebGLVectorTile2.particleAltFadeVertexShader,WebGLVectorTile2.particleAltFadeFragmentShader,WebGLVectorTile2.prototype._drawParticles,,,,,,"{""pointSize"": 2.0, ""sfactor"": ""ONE"", ""dfactor"": ""ONE_MINUS_SRC_ALPHA"" }","{""hasAltitude"":true, ""startDateMargin"":14400}",
True,plume_20200115_v2,Plume Viz,PARDUMP 2020-01-15 v2,CREATE Lab,bdrk,,20200115020000,20200116020000,10,https://cocalc-www.createlab.org/pardumps/plume_20200115.bin,,,points,,,,,,,,,,,,,,,WebGLVectorTile2.prototype._loadData,WebGLVectorTile2.prototype._setBufferData,,9,WebGLVectorTile2.particleAltFadeVertexShader,WebGLVectorTile2.particleAltFadeFragmentShader,WebGLVectorTile2.prototype._drawParticles,,,,,,"{""pointSize"": 2.0, ""sfactor"": ""ONE"", ""dfactor"": ""ONE_MINUS_SRC_ALPHA"" }","{""hasAltitude"":true, ""startDateMargin"":14400}",
True,plume_20200122_v2,Plume Viz,PARDUMP 2020-01-22 v2,CREATE Lab,bdrk,,20200122020000,20200123020000,10,https://cocalc-www.createlab.org/pardumps/plume_20200122.bin,,,points,,,,,,,,,,,,,,,WebGLVectorTile2.prototype._loadData,WebGLVectorTile2.prototype._setBufferData,,9,WebGLVectorTile2.particleAltFadeVertexShader,WebGLVectorTile2.particleAltFadeFragmentShader,WebGLVectorTile2.prototype._drawParticles,,,,,,"{""pointSize"": 2.0, ""sfactor"": ""ONE"", ""dfactor"": ""ONE_MINUS_SRC_ALPHA"" }","{""hasAltitude"":true, ""startDateMargin"":14400}",
True,plume_20200123_v2,Plume Viz,PARDUMP 2020-01-23 v2,CREATE Lab,bdrk,,20200123020000,20200124020000,10,https://cocalc-www.createlab.org/pardumps/plume_20200123.bin,,,points,,,,,,,,,,,,,,,WebGLVectorTile2.prototype._loadData,WebGLVectorTile2.prototype._setBufferData,,9,WebGLVectorTile2.particleAltFadeVertexShader,WebGLVectorTile2.particleAltFadeFragmentShader,WebGLVectorTile2.prototype._drawParticles,,,,,,"{""pointSize"": 2.0, ""sfactor"": ""ONE"", ""dfactor"": ""ONE_MINUS_SRC_ALPHA"" }","{""hasAltitude"":true, ""startDateMargin"":14400}",
True,plume_20200124_v2,Plume Viz,PARDUMP 2020-01-24 v2,CREATE Lab,bdrk,,20200124020000,20200125020000,10,https://cocalc-www.createlab.org/pardumps/plume_20200124.bin,,,points,,,,,,,,,,,,,,,WebGLVectorTile2.prototype._loadData,WebGLVectorTile2.prototype._setBufferData,,9,WebGLVectorTile2.particleAltFadeVertexShader,WebGLVectorTile2.particleAltFadeFragmentShader,WebGLVectorTile2.prototype._drawParticles,,,,,,"{""pointSize"": 2.0, ""sfactor"": ""ONE"", ""dfactor"": ""ONE_MINUS_SRC_ALPHA"" }","{""hasAltitude"":true, ""startDateMargin"":14400}",
True,plume_20191201_v2,Plume Viz,PARDUMP 2019-12-01 v2,CREATE Lab,bdrk,,20191201020000,20191202020000,10,https://cocalc-www.createlab.org/pardumps/plume_20191201.bin,,,points,,,,,,,,,,,,,,,WebGLVectorTile2.prototype._loadData,WebGLVectorTile2.prototype._setBufferData,,9,WebGLVectorTile2.particleAltFadeVertexShader,WebGLVectorTile2.particleAltFadeFragmentShader,WebGLVectorTile2.prototype._drawParticles,,,,,,"{""pointSize"": 2.0, ""sfactor"": ""ONE"", ""dfactor"": ""ONE_MINUS_SRC_ALPHA"" }","{""hasAltitude"":true, ""startDateMargin"":14400}",
True,plume_20191202_v2,Plume Viz,PARDUMP 2019-12-02 v2,CREATE Lab,bdrk,,20191202020000,20191203020000,10,https://cocalc-www.createlab.org/pardumps/plume_20191202.bin,,,points,,,,,,,,,,,,,,,WebGLVectorTile2.prototype._loadData,WebGLVectorTile2.prototype._setBufferData,,9,WebGLVectorTile2.particleAltFadeVertexShader,WebGLVectorTile2.particleAltFadeFragmentShader,WebGLVectorTile2.prototype._drawParticles,,,,,,"{""pointSize"": 2.0, ""sfactor"": ""ONE"", ""dfactor"": ""ONE_MINUS_SRC_ALPHA"" }","{""hasAltitude"":true, ""startDateMargin"":14400}",
True,plume_20191203_v2,Plume Viz,PARDUMP 2019-12-03 v2,CREATE Lab,bdrk,,20191203020000,20191204020000,10,https://cocalc-www.createlab.org/pardumps/plume_20191203.bin,,,points,,,,,,,,,,,,,,,WebGLVectorTile2.prototype._loadData,WebGLVectorTile2.prototype._setBufferData,,9,WebGLVectorTile2.particleAltFadeVertexShader,WebGLVectorTile2.particleAltFadeFragmentShader,WebGLVectorTile2.prototype._drawParticles,,,,,,"{""pointSize"": 2.0, ""sfactor"": ""ONE"", ""dfactor"": ""ONE_MINUS_SRC_ALPHA"" }","{""hasAltitude"":true, ""startDateMargin"":14400}",
True,plume_20191204_v2,Plume Viz,PARDUMP 2019-12-04 v2,CREATE Lab,bdrk,,20191204020000,20191205020000,10,https://cocalc-www.createlab.org/pardumps/plume_20191204.bin,,,points,,,,,,,,,,,,,,,WebGLVectorTile2.prototype._loadData,WebGLVectorTile2.prototype._setBufferData,,9,WebGLVectorTile2.particleAltFadeVertexShader,WebGLVectorTile2.particleAltFadeFragmentShader,WebGLVectorTile2.prototype._drawParticles,,,,,,"{""pointSize"": 2.0, ""sfactor"": ""ONE"", ""dfactor"": ""ONE_MINUS_SRC_ALPHA"" }","{""hasAltitude"":true, ""startDateMargin"":14400}",
True,plume_20191205_v2,Plume Viz,PARDUMP 2019-12-05 v2,CREATE Lab,bdrk,,20191205020000,20191206020000,10,https://cocalc-www.createlab.org/pardumps/plume_20191205.bin,,,points,,,,,,,,,,,,,,,WebGLVectorTile2.prototype._loadData,WebGLVectorTile2.prototype._setBufferData,,9,WebGLVectorTile2.particleAltFadeVertexShader,WebGLVectorTile2.particleAltFadeFragmentShader,WebGLVectorTile2.prototype._drawParticles,,,,,,"{""pointSize"": 2.0, ""sfactor"": ""ONE"", ""dfactor"": ""ONE_MINUS_SRC_ALPHA"" }","{""hasAltitude"":true, ""startDateMargin"":14400}",
True,plume_20191206_v2,Plume Viz,PARDUMP 2019-12-06 v2,CREATE Lab,bdrk,,20191206020000,20191207020000,10,https://cocalc-www.createlab.org/pardumps/plume_20191206.bin,,,points,,,,,,,,,,,,,,,WebGLVectorTile2.prototype._loadData,WebGLVectorTile2.prototype._setBufferData,,9,WebGLVectorTile2.particleAltFadeVertexShader,WebGLVectorTile2.particleAltFadeFragmentShader,WebGLVectorTile2.prototype._drawParticles,,,,,,"{""pointSize"": 2.0, ""sfactor"": ""ONE"", ""dfactor"": ""ONE_MINUS_SRC_ALPHA"" }","{""hasAltitude"":true, ""startDateMargin"":14400}",
True,plume_20191207_v2,Plume Viz,PARDUMP 2019-12-07 v2,CREATE Lab,bdrk,,20191207020000,20191208020000,10,https://cocalc-www.createlab.org/pardumps/plume_20191207.bin,,,points,,,,,,,,,,,,,,,WebGLVectorTile2.prototype._loadData,WebGLVectorTile2.prototype._setBufferData,,9,WebGLVectorTile2.particleAltFadeVertexShader,WebGLVectorTile2.particleAltFadeFragmentShader,WebGLVectorTile2.prototype._drawParticles,,,,,,"{""pointSize"": 2.0, ""sfactor"": ""ONE"", ""dfactor"": ""ONE_MINUS_SRC_ALPHA"" }","{""hasAltitude"":true, ""startDateMargin"":14400}",
True,plume_20191208_v2,Plume Viz,PARDUMP 2019-12-08 v2,CREATE Lab,bdrk,,20191208020000,20191209020000,10,https://cocalc-www.createlab.org/pardumps/plume_20191208.bin,,,points,,,,,,,,,,,,,,,WebGLVectorTile2.prototype._loadData,WebGLVectorTile2.prototype._setBufferData,,9,WebGLVectorTile2.particleAltFadeVertexShader,WebGLVectorTile2.particleAltFadeFragmentShader,WebGLVectorTile2.prototype._drawParticles,,,,,,"{""pointSize"": 2.0, ""sfactor"": ""ONE"", ""dfactor"": ""ONE_MINUS_SRC_ALPHA"" }","{""hasAltitude"":true, ""startDateMargin"":14400}",
True,plume_20191209_v2,Plume Viz,PARDUMP 2019-12-09 v2,CREATE Lab,bdrk,,20191209020000,20191210020000,10,https://cocalc-www.createlab.org/pardumps/plume_20191209.bin,,,points,,,,,,,,,,,,,,,WebGLVectorTile2.prototype._loadData,WebGLVectorTile2.prototype._setBufferData,,9,WebGLVectorTile2.particleAltFadeVertexShader,WebGLVectorTile2.particleAltFadeFragmentShader,WebGLVectorTile2.prototype._drawParticles,,,,,,"{""pointSize"": 2.0, ""sfactor"": ""ONE"", ""dfactor"": ""ONE_MINUS_SRC_ALPHA"" }","{""hasAltitude"":true, ""startDateMargin"":14400}",
True,plume_20191210_v2,Plume Viz,PARDUMP 2019-12-10 v2,CREATE Lab,bdrk,,20191210020000,20191211020000,10,https://cocalc-www.createlab.org/pardumps/plume_20191210.bin,,,points,,,,,,,,,,,,,,,WebGLVectorTile2.prototype._loadData,WebGLVectorTile2.prototype._setBufferData,,9,WebGLVectorTile2.particleAltFadeVertexShader,WebGLVectorTile2.particleAltFadeFragmentShader,WebGLVectorTile2.prototype._drawParticles,,,,,,"{""pointSize"": 2.0, ""sfactor"": ""ONE"", ""dfactor"": ""ONE_MINUS_SRC_ALPHA"" }","{""hasAltitude"":true, ""startDateMargin"":14400}",
True,plume_20191211_v2,Plume Viz,PARDUMP 2019-12-11 v2,CREATE Lab,bdrk,,20191211020000,20191212020000,10,https://cocalc-www.createlab.org/pardumps/plume_20191211.bin,,,points,,,,,,,,,,,,,,,WebGLVectorTile2.prototype._loadData,WebGLVectorTile2.prototype._setBufferData,,9,WebGLVectorTile2.particleAltFadeVertexShader,WebGLVectorTile2.particleAltFadeFragmentShader,WebGLVectorTile2.prototype._drawParticles,,,,,,"{""pointSize"": 2.0, ""sfactor"": ""ONE"", ""dfactor"": ""ONE_MINUS_SRC_ALPHA"" }","{""hasAltitude"":true, ""startDateMargin"":14400}",
True,plume_20191212_v2,Plume Viz,PARDUMP 2019-12-12 v2,CREATE Lab,bdrk,,20191212020000,20191213020000,10,https://cocalc-www.createlab.org/pardumps/plume_20191212.bin,,,points,,,,,,,,,,,,,,,WebGLVectorTile2.prototype._loadData,WebGLVectorTile2.prototype._setBufferData,,9,WebGLVectorTile2.particleAltFadeVertexShader,WebGLVectorTile2.particleAltFadeFragmentShader,WebGLVectorTile2.prototype._drawParticles,,,,,,"{""pointSize"": 2.0, ""sfactor"": ""ONE"", ""dfactor"": ""ONE_MINUS_SRC_ALPHA"" }","{""hasAltitude"":true, ""startDateMargin"":14400}",
True,plume_20191213_v2,Plume Viz,PARDUMP 2019-12-13 v2,CREATE Lab,bdrk,,20191213020000,20191214020000,10,https://cocalc-www.createlab.org/pardumps/plume_20191213.bin,,,points,,,,,,,,,,,,,,,WebGLVectorTile2.prototype._loadData,WebGLVectorTile2.prototype._setBufferData,,9,WebGLVectorTile2.particleAltFadeVertexShader,WebGLVectorTile2.particleAltFadeFragmentShader,WebGLVectorTile2.prototype._drawParticles,,,,,,"{""pointSize"": 2.0, ""sfactor"": ""ONE"", ""dfactor"": ""ONE_MINUS_SRC_ALPHA"" }","{""hasAltitude"":true, ""startDateMargin"":14400}",
True,plume_20191214_v2,Plume Viz,PARDUMP 2019-12-14 v2,CREATE Lab,bdrk,,20191214020000,20191215020000,10,https://cocalc-www.createlab.org/pardumps/plume_20191214.bin,,,points,,,,,,,,,,,,,,,WebGLVectorTile2.prototype._loadData,WebGLVectorTile2.prototype._setBufferData,,9,WebGLVectorTile2.particleAltFadeVertexShader,WebGLVectorTile2.particleAltFadeFragmentShader,WebGLVectorTile2.prototype._drawParticles,,,,,,"{""pointSize"": 2.0, ""sfactor"": ""ONE"", ""dfactor"": ""ONE_MINUS_SRC_ALPHA"" }","{""hasAltitude"":true, ""startDateMargin"":14400}",
True,plume_20191215_v2,Plume Viz,PARDUMP 2019-12-15 v2,CREATE Lab,bdrk,,20191215020000,20191216020000,10,https://cocalc-www.createlab.org/pardumps/plume_20191215.bin,,,points,,,,,,,,,,,,,,,WebGLVectorTile2.prototype._loadData,WebGLVectorTile2.prototype._setBufferData,,9,WebGLVectorTile2.particleAltFadeVertexShader,WebGLVectorTile2.particleAltFadeFragmentShader,WebGLVectorTile2.prototype._drawParticles,,,,,,"{""pointSize"": 2.0, ""sfactor"": ""ONE"", ""dfactor"": ""ONE_MINUS_SRC_ALPHA"" }","{""hasAltitude"":true, ""startDateMargin"":14400}",
True,plume_20191216_v2,Plume Viz,PARDUMP 2019-12-16 v2,CREATE Lab,bdrk,,20191216020000,20191217020000,10,https://cocalc-www.createlab.org/pardumps/plume_20191216.bin,,,points,,,,,,,,,,,,,,,WebGLVectorTile2.prototype._loadData,WebGLVectorTile2.prototype._setBufferData,,9,WebGLVectorTile2.particleAltFadeVertexShader,WebGLVectorTile2.particleAltFadeFragmentShader,WebGLVectorTile2.prototype._drawParticles,,,,,,"{""pointSize"": 2.0, ""sfactor"": ""ONE"", ""dfactor"": ""ONE_MINUS_SRC_ALPHA"" }","{""hasAltitude"":true, ""startDateMargin"":14400}",
True,plume_20191217_v2,Plume Viz,PARDUMP 2019-12-17 v2,CREATE Lab,bdrk,,20191217020000,20191218020000,10,https://cocalc-www.createlab.org/pardumps/plume_20191217.bin,,,points,,,,,,,,,,,,,,,WebGLVectorTile2.prototype._loadData,WebGLVectorTile2.prototype._setBufferData,,9,WebGLVectorTile2.particleAltFadeVertexShader,WebGLVectorTile2.particleAltFadeFragmentShader,WebGLVectorTile2.prototype._drawParticles,,,,,,"{""pointSize"": 2.0, ""sfactor"": ""ONE"", ""dfactor"": ""ONE_MINUS_SRC_ALPHA"" }","{""hasAltitude"":true, ""startDateMargin"":14400}",
True,plume_20191218_v2,Plume Viz,PARDUMP 2019-12-18 v2,CREATE Lab,bdrk,,20191218020000,20191219020000,10,https://cocalc-www.createlab.org/pardumps/plume_20191218.bin,,,points,,,,,,,,,,,,,,,WebGLVectorTile2.prototype._loadData,WebGLVectorTile2.prototype._setBufferData,,9,WebGLVectorTile2.particleAltFadeVertexShader,WebGLVectorTile2.particleAltFadeFragmentShader,WebGLVectorTile2.prototype._drawParticles,,,,,,"{""pointSize"": 2.0, ""sfactor"": ""ONE"", ""dfactor"": ""ONE_MINUS_SRC_ALPHA"" }","{""hasAltitude"":true, ""startDateMargin"":14400}",
True,plume_20191219_v2,Plume Viz,PARDUMP 2019-12-19 v2,CREATE Lab,bdrk,,20191219020000,20191220020000,10,https://cocalc-www.createlab.org/pardumps/plume_20191219.bin,,,points,,,,,,,,,,,,,,,WebGLVectorTile2.prototype._loadData,WebGLVectorTile2.prototype._setBufferData,,9,WebGLVectorTile2.particleAltFadeVertexShader,WebGLVectorTile2.particleAltFadeFragmentShader,WebGLVectorTile2.prototype._drawParticles,,,,,,"{""pointSize"": 2.0, ""sfactor"": ""ONE"", ""dfactor"": ""ONE_MINUS_SRC_ALPHA"" }","{""hasAltitude"":true, ""startDateMargin"":14400}",
True,plume_20191220_v2,Plume Viz,PARDUMP 2019-12-20 v2,CREATE Lab,bdrk,,20191220020000,20191221020000,10,https://cocalc-www.createlab.org/pardumps/plume_20191220.bin,,,points,,,,,,,,,,,,,,,WebGLVectorTile2.prototype._loadData,WebGLVectorTile2.prototype._setBufferData,,9,WebGLVectorTile2.particleAltFadeVertexShader,WebGLVectorTile2.particleAltFadeFragmentShader,WebGLVectorTile2.prototype._drawParticles,,,,,,"{""pointSize"": 2.0, ""sfactor"": ""ONE"", ""dfactor"": ""ONE_MINUS_SRC_ALPHA"" }","{""hasAltitude"":true, ""startDateMargin"":14400}",
True,plume_20191221_v2,Plume Viz,PARDUMP 2019-12-21 v2,CREATE Lab,bdrk,,20191221020000,20191222020000,10,https://cocalc-www.createlab.org/pardumps/plume_20191221.bin,,,points,,,,,,,,,,,,,,,WebGLVectorTile2.prototype._loadData,WebGLVectorTile2.prototype._setBufferData,,9,WebGLVectorTile2.particleAltFadeVertexShader,WebGLVectorTile2.particleAltFadeFragmentShader,WebGLVectorTile2.prototype._drawParticles,,,,,,"{""pointSize"": 2.0, ""sfactor"": ""ONE"", ""dfactor"": ""ONE_MINUS_SRC_ALPHA"" }","{""hasAltitude"":true, ""startDateMargin"":14400}",
True,plume_20191222_v2,Plume Viz,PARDUMP 2019-12-22 v2,CREATE Lab,bdrk,,20191222020000,20191223020000,10,https://cocalc-www.createlab.org/pardumps/plume_20191222.bin,,,points,,,,,,,,,,,,,,,WebGLVectorTile2.prototype._loadData,WebGLVectorTile2.prototype._setBufferData,,9,WebGLVectorTile2.particleAltFadeVertexShader,WebGLVectorTile2.particleAltFadeFragmentShader,WebGLVectorTile2.prototype._drawParticles,,,,,,"{""pointSize"": 2.0, ""sfactor"": ""ONE"", ""dfactor"": ""ONE_MINUS_SRC_ALPHA"" }","{""hasAltitude"":true, ""startDateMargin"":14400}",
True,plume_20191223_v2,Plume Viz,PARDUMP 2019-12-23 v2,CREATE Lab,bdrk,,20191223020000,20191224020000,10,https://cocalc-www.createlab.org/pardumps/plume_20191223.bin,,,points,,,,,,,,,,,,,,,WebGLVectorTile2.prototype._loadData,WebGLVectorTile2.prototype._setBufferData,,9,WebGLVectorTile2.particleAltFadeVertexShader,WebGLVectorTile2.particleAltFadeFragmentShader,WebGLVectorTile2.prototype._drawParticles,,,,,,"{""pointSize"": 2.0, ""sfactor"": ""ONE"", ""dfactor"": ""ONE_MINUS_SRC_ALPHA"" }","{""hasAltitude"":true, ""startDateMargin"":14400}",
True,plume_20191224_v2,Plume Viz,PARDUMP 2019-12-24 v2,CREATE Lab,bdrk,,20191224020000,20191225020000,10,https://cocalc-www.createlab.org/pardumps/plume_20191224.bin,,,points,,,,,,,,,,,,,,,WebGLVectorTile2.prototype._loadData,WebGLVectorTile2.prototype._setBufferData,,9,WebGLVectorTile2.particleAltFadeVertexShader,WebGLVectorTile2.particleAltFadeFragmentShader,WebGLVectorTile2.prototype._drawParticles,,,,,,"{""pointSize"": 2.0, ""sfactor"": ""ONE"", ""dfactor"": ""ONE_MINUS_SRC_ALPHA"" }","{""hasAltitude"":true, ""startDateMargin"":14400}",
True,plume_20191225_v2,Plume Viz,PARDUMP 2019-12-25 v2,CREATE Lab,bdrk,,20191225020000,20191226020000,10,https://cocalc-www.createlab.org/pardumps/plume_20191225.bin,,,points,,,,,,,,,,,,,,,WebGLVectorTile2.prototype._loadData,WebGLVectorTile2.prototype._setBufferData,,9,WebGLVectorTile2.particleAltFadeVertexShader,WebGLVectorTile2.particleAltFadeFragmentShader,WebGLVectorTile2.prototype._drawParticles,,,,,,"{""pointSize"": 2.0, ""sfactor"": ""ONE"", ""dfactor"": ""ONE_MINUS_SRC_ALPHA"" }","{""hasAltitude"":true, ""startDateMargin"":14400}",
True,plume_20191226_v2,Plume Viz,PARDUMP 2019-12-26 v2,CREATE Lab,bdrk,,20191226020000,20191227020000,10,https://cocalc-www.createlab.org/pardumps/plume_20191226.bin,,,points,,,,,,,,,,,,,,,WebGLVectorTile2.prototype._loadData,WebGLVectorTile2.prototype._setBufferData,,9,WebGLVectorTile2.particleAltFadeVertexShader,WebGLVectorTile2.particleAltFadeFragmentShader,WebGLVectorTile2.prototype._drawParticles,,,,,,"{""pointSize"": 2.0, ""sfactor"": ""ONE"", ""dfactor"": ""ONE_MINUS_SRC_ALPHA"" }","{""hasAltitude"":true, ""startDateMargin"":14400}",
True,plume_20191227_v2,Plume Viz,PARDUMP 2019-12-27 v2,CREATE Lab,bdrk,,20191227020000,20191228020000,10,https://cocalc-www.createlab.org/pardumps/plume_20191227.bin,,,points,,,,,,,,,,,,,,,WebGLVectorTile2.prototype._loadData,WebGLVectorTile2.prototype._setBufferData,,9,WebGLVectorTile2.particleAltFadeVertexShader,WebGLVectorTile2.particleAltFadeFragmentShader,WebGLVectorTile2.prototype._drawParticles,,,,,,"{""pointSize"": 2.0, ""sfactor"": ""ONE"", ""dfactor"": ""ONE_MINUS_SRC_ALPHA"" }","{""hasAltitude"":true, ""startDateMargin"":14400}",
True,plume_20191228_v2,Plume Viz,PARDUMP 2019-12-28 v2,CREATE Lab,bdrk,,20191228020000,20191229020000,10,https://cocalc-www.createlab.org/pardumps/plume_20191228.bin,,,points,,,,,,,,,,,,,,,WebGLVectorTile2.prototype._loadData,WebGLVectorTile2.prototype._setBufferData,,9,WebGLVectorTile2.particleAltFadeVertexShader,WebGLVectorTile2.particleAltFadeFragmentShader,WebGLVectorTile2.prototype._drawParticles,,,,,,"{""pointSize"": 2.0, ""sfactor"": ""ONE"", ""dfactor"": ""ONE_MINUS_SRC_ALPHA"" }","{""hasAltitude"":true, ""startDateMargin"":14400}",
True,plume_20191229_v2,Plume Viz,PARDUMP 2019-12-29 v2,CREATE Lab,bdrk,,20191229020000,20191230020000,10,https://cocalc-www.createlab.org/pardumps/plume_20191229.bin,,,points,,,,,,,,,,,,,,,WebGLVectorTile2.prototype._loadData,WebGLVectorTile2.prototype._setBufferData,,9,WebGLVectorTile2.particleAltFadeVertexShader,WebGLVectorTile2.particleAltFadeFragmentShader,WebGLVectorTile2.prototype._drawParticles,,,,,,"{""pointSize"": 2.0, ""sfactor"": ""ONE"", ""dfactor"": ""ONE_MINUS_SRC_ALPHA"" }","{""hasAltitude"":true, ""startDateMargin"":14400}",
True,plume_20191230_v2,Plume Viz,PARDUMP 2019-12-30 v2,CREATE Lab,bdrk,,20191230020000,20191231020000,10,https://cocalc-www.createlab.org/pardumps/plume_20191230.bin,,,points,,,,,,,,,,,,,,,WebGLVectorTile2.prototype._loadData,WebGLVectorTile2.prototype._setBufferData,,9,WebGLVectorTile2.particleAltFadeVertexShader,WebGLVectorTile2.particleAltFadeFragmentShader,WebGLVectorTile2.prototype._drawParticles,,,,,,"{""pointSize"": 2.0, ""sfactor"": ""ONE"", ""dfactor"": ""ONE_MINUS_SRC_ALPHA"" }","{""hasAltitude"":true, ""startDateMargin"":14400}",
