img_url,date
https://thumbnails-earthtime.cmucreatelab.org/thumbnail?root=https%3A%2F%2Fdavos2019.earthtime.org%2Fexplore%23l%3Dbdrk%2Csmell_my_city_pgh_reports%2Cplume_20190401%26bt%3D20190401010000%26et%3D20190401070000%26v%3D581806%2C708156%2C584252%2C710601%2Cpts%26ps%3D2400%26startDwell%3D0%26endDwell%3D0&&width=360&height=360&format=zip&fps=30&tileFormat=mp4&startDwell=0&endDwell=0&fromScreenshot&disableUI,20190401
https://thumbnails-earthtime.cmucreatelab.org/thumbnail?root=https%3A%2F%2Fdavos2019.earthtime.org%2Fexplore%23l%3Dbdrk%2Csmell_my_city_pgh_reports%2Cplume_20190401%26bt%3D20190401070000%26et%3D20190401130000%26v%3D581806%2C708156%2C584252%2C710601%2Cpts%26ps%3D2400%26startDwell%3D0%26endDwell%3D0&&width=360&height=360&format=zip&fps=30&tileFormat=mp4&startDwell=0&endDwell=0&fromScreenshot&disableUI,20190401
https://thumbnails-earthtime.cmucreatelab.org/thumbnail?root=https%3A%2F%2Fdavos2019.earthtime.org%2Fexplore%23l%3Dbdrk%2Csmell_my_city_pgh_reports%2Cplume_20190401%26bt%3D20190401130000%26et%3D20190401190000%26v%3D581806%2C708156%2C584252%2C710601%2Cpts%26ps%3D2400%26startDwell%3D0%26endDwell%3D0&&width=360&height=360&format=zip&fps=30&tileFormat=mp4&startDwell=0&endDwell=0&fromScreenshot&disableUI,20190401
https://thumbnails-earthtime.cmucreatelab.org/thumbnail?root=https%3A%2F%2Fdavos2019.earthtime.org%2Fexplore%23l%3Dbdrk%2Csmell_my_city_pgh_reports%2Cplume_20190401%26bt%3D20190401190000%26et%3D20190402010000%26v%3D581806%2C708156%2C584252%2C710601%2Cpts%26ps%3D2400%26startDwell%3D0%26endDwell%3D0&&width=360&height=360&format=zip&fps=30&tileFormat=mp4&startDwell=0&endDwell=0&fromScreenshot&disableUI,20190401
https://thumbnails-earthtime.cmucreatelab.org/thumbnail?root=https%3A%2F%2Fdavos2019.earthtime.org%2Fexplore%23l%3Dbdrk%2Csmell_my_city_pgh_reports%2Cplume_20190402%26bt%3D20190402010000%26et%3D20190402070000%26v%3D581806%2C708156%2C584252%2C710601%2Cpts%26ps%3D2400%26startDwell%3D0%26endDwell%3D0&&width=360&height=360&format=zip&fps=30&tileFormat=mp4&startDwell=0&endDwell=0&fromScreenshot&disableUI,20190402
https://thumbnails-earthtime.cmucreatelab.org/thumbnail?root=https%3A%2F%2Fdavos2019.earthtime.org%2Fexplore%23l%3Dbdrk%2Csmell_my_city_pgh_reports%2Cplume_20190402%26bt%3D20190402070000%26et%3D20190402130000%26v%3D581806%2C708156%2C584252%2C710601%2Cpts%26ps%3D2400%26startDwell%3D0%26endDwell%3D0&&width=360&height=360&format=zip&fps=30&tileFormat=mp4&startDwell=0&endDwell=0&fromScreenshot&disableUI,20190402
https://thumbnails-earthtime.cmucreatelab.org/thumbnail?root=https%3A%2F%2Fdavos2019.earthtime.org%2Fexplore%23l%3Dbdrk%2Csmell_my_city_pgh_reports%2Cplume_20190402%26bt%3D20190402130000%26et%3D20190402190000%26v%3D581806%2C708156%2C584252%2C710601%2Cpts%26ps%3D2400%26startDwell%3D0%26endDwell%3D0&&width=360&height=360&format=zip&fps=30&tileFormat=mp4&startDwell=0&endDwell=0&fromScreenshot&disableUI,20190402
https://thumbnails-earthtime.cmucreatelab.org/thumbnail?root=https%3A%2F%2Fdavos2019.earthtime.org%2Fexplore%23l%3Dbdrk%2Csmell_my_city_pgh_reports%2Cplume_20190402%26bt%3D20190402190000%26et%3D20190403010000%26v%3D581806%2C708156%2C584252%2C710601%2Cpts%26ps%3D2400%26startDwell%3D0%26endDwell%3D0&&width=360&height=360&format=zip&fps=30&tileFormat=mp4&startDwell=0&endDwell=0&fromScreenshot&disableUI,20190402
https://thumbnails-earthtime.cmucreatelab.org/thumbnail?root=https%3A%2F%2Fdavos2019.earthtime.org%2Fexplore%23l%3Dbdrk%2Csmell_my_city_pgh_reports%2Cplume_20190403%26bt%3D20190403010000%26et%3D20190403070000%26v%3D581806%2C708156%2C584252%2C710601%2Cpts%26ps%3D2400%26startDwell%3D0%26endDwell%3D0&&width=360&height=360&format=zip&fps=30&tileFormat=mp4&startDwell=0&endDwell=0&fromScreenshot&disableUI,20190403
https://thumbnails-earthtime.cmucreatelab.org/thumbnail?root=https%3A%2F%2Fdavos2019.earthtime.org%2Fexplore%23l%3Dbdrk%2Csmell_my_city_pgh_reports%2Cplume_20190403%26bt%3D20190403070000%26et%3D20190403130000%26v%3D581806%2C708156%2C584252%2C710601%2Cpts%26ps%3D2400%26startDwell%3D0%26endDwell%3D0&&width=360&height=360&format=zip&fps=30&tileFormat=mp4&startDwell=0&endDwell=0&fromScreenshot&disableUI,20190403
https://thumbnails-earthtime.cmucreatelab.org/thumbnail?root=https%3A%2F%2Fdavos2019.earthtime.org%2Fexplore%23l%3Dbdrk%2Csmell_my_city_pgh_reports%2Cplume_20190403%26bt%3D20190403130000%26et%3D20190403190000%26v%3D581806%2C708156%2C584252%2C710601%2Cpts%26ps%3D2400%26startDwell%3D0%26endDwell%3D0&&width=360&height=360&format=zip&fps=30&tileFormat=mp4&startDwell=0&endDwell=0&fromScreenshot&disableUI,20190403
https://thumbnails-earthtime.cmucreatelab.org/thumbnail?root=https%3A%2F%2Fdavos2019.earthtime.org%2Fexplore%23l%3Dbdrk%2Csmell_my_city_pgh_reports%2Cplume_20190403%26bt%3D20190403190000%26et%3D20190404010000%26v%3D581806%2C708156%2C584252%2C710601%2Cpts%26ps%3D2400%26startDwell%3D0%26endDwell%3D0&&width=360&height=360&format=zip&fps=30&tileFormat=mp4&startDwell=0&endDwell=0&fromScreenshot&disableUI,20190403
https://thumbnails-earthtime.cmucreatelab.org/thumbnail?root=https%3A%2F%2Fdavos2019.earthtime.org%2Fexplore%23l%3Dbdrk%2Csmell_my_city_pgh_reports%2Cplume_20190404%26bt%3D20190404010000%26et%3D20190404070000%26v%3D581806%2C708156%2C584252%2C710601%2Cpts%26ps%3D2400%26startDwell%3D0%26endDwell%3D0&&width=360&height=360&format=zip&fps=30&tileFormat=mp4&startDwell=0&endDwell=0&fromScreenshot&disableUI,20190404
https://thumbnails-earthtime.cmucreatelab.org/thumbnail?root=https%3A%2F%2Fdavos2019.earthtime.org%2Fexplore%23l%3Dbdrk%2Csmell_my_city_pgh_reports%2Cplume_20190404%26bt%3D20190404070000%26et%3D20190404130000%26v%3D581806%2C708156%2C584252%2C710601%2Cpts%26ps%3D2400%26startDwell%3D0%26endDwell%3D0&&width=360&height=360&format=zip&fps=30&tileFormat=mp4&startDwell=0&endDwell=0&fromScreenshot&disableUI,20190404
https://thumbnails-earthtime.cmucreatelab.org/thumbnail?root=https%3A%2F%2Fdavos2019.earthtime.org%2Fexplore%23l%3Dbdrk%2Csmell_my_city_pgh_reports%2Cplume_20190404%26bt%3D20190404130000%26et%3D20190404190000%26v%3D581806%2C708156%2C584252%2C710601%2Cpts%26ps%3D2400%26startDwell%3D0%26endDwell%3D0&&width=360&height=360&format=zip&fps=30&tileFormat=mp4&startDwell=0&endDwell=0&fromScreenshot&disableUI,20190404
https://thumbnails-earthtime.cmucreatelab.org/thumbnail?root=https%3A%2F%2Fdavos2019.earthtime.org%2Fexplore%23l%3Dbdrk%2Csmell_my_city_pgh_reports%2Cplume_20190404%26bt%3D20190404190000%26et%3D20190405010000%26v%3D581806%2C708156%2C584252%2C710601%2Cpts%26ps%3D2400%26startDwell%3D0%26endDwell%3D0&&width=360&height=360&format=zip&fps=30&tileFormat=mp4&startDwell=0&endDwell=0&fromScreenshot&disableUI,20190404
https://thumbnails-earthtime.cmucreatelab.org/thumbnail?root=https%3A%2F%2Fdavos2019.earthtime.org%2Fexplore%23l%3Dbdrk%2Csmell_my_city_pgh_reports%2Cplume_20190405%26bt%3D20190405010000%26et%3D20190405070000%26v%3D581806%2C708156%2C584252%2C710601%2Cpts%26ps%3D2400%26startDwell%3D0%26endDwell%3D0&&width=360&height=360&format=zip&fps=30&tileFormat=mp4&startDwell=0&endDwell=0&fromScreenshot&disableUI,20190405
https://thumbnails-earthtime.cmucreatelab.org/thumbnail?root=https%3A%2F%2Fdavos2019.earthtime.org%2Fexplore%23l%3Dbdrk%2Csmell_my_city_pgh_reports%2Cplume_20190405%26bt%3D20190405070000%26et%3D20190405130000%26v%3D581806%2C708156%2C584252%2C710601%2Cpts%26ps%3D2400%26startDwell%3D0%26endDwell%3D0&&width=360&height=360&format=zip&fps=30&tileFormat=mp4&startDwell=0&endDwell=0&fromScreenshot&disableUI,20190405
https://thumbnails-earthtime.cmucreatelab.org/thumbnail?root=https%3A%2F%2Fdavos2019.earthtime.org%2Fexplore%23l%3Dbdrk%2Csmell_my_city_pgh_reports%2Cplume_20190405%26bt%3D20190405130000%26et%3D20190405190000%26v%3D581806%2C708156%2C584252%2C710601%2Cpts%26ps%3D2400%26startDwell%3D0%26endDwell%3D0&&width=360&height=360&format=zip&fps=30&tileFormat=mp4&startDwell=0&endDwell=0&fromScreenshot&disableUI,20190405
https://thumbnails-earthtime.cmucreatelab.org/thumbnail?root=https%3A%2F%2Fdavos2019.earthtime.org%2Fexplore%23l%3Dbdrk%2Csmell_my_city_pgh_reports%2Cplume_20190405%26bt%3D20190405190000%26et%3D20190406010000%26v%3D581806%2C708156%2C584252%2C710601%2Cpts%26ps%3D2400%26startDwell%3D0%26endDwell%3D0&&width=360&height=360&format=zip&fps=30&tileFormat=mp4&startDwell=0&endDwell=0&fromScreenshot&disableUI,20190405
https://thumbnails-earthtime.cmucreatelab.org/thumbnail?root=https%3A%2F%2Fdavos2019.earthtime.org%2Fexplore%23l%3Dbdrk%2Csmell_my_city_pgh_reports%2Cplume_20190406%26bt%3D20190406010000%26et%3D20190406070000%26v%3D581806%2C708156%2C584252%2C710601%2Cpts%26ps%3D2400%26startDwell%3D0%26endDwell%3D0&&width=360&height=360&format=zip&fps=30&tileFormat=mp4&startDwell=0&endDwell=0&fromScreenshot&disableUI,20190406
https://thumbnails-earthtime.cmucreatelab.org/thumbnail?root=https%3A%2F%2Fdavos2019.earthtime.org%2Fexplore%23l%3Dbdrk%2Csmell_my_city_pgh_reports%2Cplume_20190406%26bt%3D20190406070000%26et%3D20190406130000%26v%3D581806%2C708156%2C584252%2C710601%2Cpts%26ps%3D2400%26startDwell%3D0%26endDwell%3D0&&width=360&height=360&format=zip&fps=30&tileFormat=mp4&startDwell=0&endDwell=0&fromScreenshot&disableUI,20190406
https://thumbnails-earthtime.cmucreatelab.org/thumbnail?root=https%3A%2F%2Fdavos2019.earthtime.org%2Fexplore%23l%3Dbdrk%2Csmell_my_city_pgh_reports%2Cplume_20190406%26bt%3D20190406130000%26et%3D20190406190000%26v%3D581806%2C708156%2C584252%2C710601%2Cpts%26ps%3D2400%26startDwell%3D0%26endDwell%3D0&&width=360&height=360&format=zip&fps=30&tileFormat=mp4&startDwell=0&endDwell=0&fromScreenshot&disableUI,20190406
https://thumbnails-earthtime.cmucreatelab.org/thumbnail?root=https%3A%2F%2Fdavos2019.earthtime.org%2Fexplore%23l%3Dbdrk%2Csmell_my_city_pgh_reports%2Cplume_20190406%26bt%3D20190406190000%26et%3D20190407010000%26v%3D581806%2C708156%2C584252%2C710601%2Cpts%26ps%3D2400%26startDwell%3D0%26endDwell%3D0&&width=360&height=360&format=zip&fps=30&tileFormat=mp4&startDwell=0&endDwell=0&fromScreenshot&disableUI,20190406
https://thumbnails-earthtime.cmucreatelab.org/thumbnail?root=https%3A%2F%2Fdavos2019.earthtime.org%2Fexplore%23l%3Dbdrk%2Csmell_my_city_pgh_reports%2Cplume_20190407%26bt%3D20190407010000%26et%3D20190407070000%26v%3D581806%2C708156%2C584252%2C710601%2Cpts%26ps%3D2400%26startDwell%3D0%26endDwell%3D0&&width=360&height=360&format=zip&fps=30&tileFormat=mp4&startDwell=0&endDwell=0&fromScreenshot&disableUI,20190407
https://thumbnails-earthtime.cmucreatelab.org/thumbnail?root=https%3A%2F%2Fdavos2019.earthtime.org%2Fexplore%23l%3Dbdrk%2Csmell_my_city_pgh_reports%2Cplume_20190407%26bt%3D20190407070000%26et%3D20190407130000%26v%3D581806%2C708156%2C584252%2C710601%2Cpts%26ps%3D2400%26startDwell%3D0%26endDwell%3D0&&width=360&height=360&format=zip&fps=30&tileFormat=mp4&startDwell=0&endDwell=0&fromScreenshot&disableUI,20190407
https://thumbnails-earthtime.cmucreatelab.org/thumbnail?root=https%3A%2F%2Fdavos2019.earthtime.org%2Fexplore%23l%3Dbdrk%2Csmell_my_city_pgh_reports%2Cplume_20190407%26bt%3D20190407130000%26et%3D20190407190000%26v%3D581806%2C708156%2C584252%2C710601%2Cpts%26ps%3D2400%26startDwell%3D0%26endDwell%3D0&&width=360&height=360&format=zip&fps=30&tileFormat=mp4&startDwell=0&endDwell=0&fromScreenshot&disableUI,20190407
https://thumbnails-earthtime.cmucreatelab.org/thumbnail?root=https%3A%2F%2Fdavos2019.earthtime.org%2Fexplore%23l%3Dbdrk%2Csmell_my_city_pgh_reports%2Cplume_20190407%26bt%3D20190407190000%26et%3D20190408010000%26v%3D581806%2C708156%2C584252%2C710601%2Cpts%26ps%3D2400%26startDwell%3D0%26endDwell%3D0&&width=360&height=360&format=zip&fps=30&tileFormat=mp4&startDwell=0&endDwell=0&fromScreenshot&disableUI,20190407
https://thumbnails-earthtime.cmucreatelab.org/thumbnail?root=https%3A%2F%2Fdavos2019.earthtime.org%2Fexplore%23l%3Dbdrk%2Csmell_my_city_pgh_reports%2Cplume_20190408%26bt%3D20190408010000%26et%3D20190408070000%26v%3D581806%2C708156%2C584252%2C710601%2Cpts%26ps%3D2400%26startDwell%3D0%26endDwell%3D0&&width=360&height=360&format=zip&fps=30&tileFormat=mp4&startDwell=0&endDwell=0&fromScreenshot&disableUI,20190408
https://thumbnails-earthtime.cmucreatelab.org/thumbnail?root=https%3A%2F%2Fdavos2019.earthtime.org%2Fexplore%23l%3Dbdrk%2Csmell_my_city_pgh_reports%2Cplume_20190408%26bt%3D20190408070000%26et%3D20190408130000%26v%3D581806%2C708156%2C584252%2C710601%2Cpts%26ps%3D2400%26startDwell%3D0%26endDwell%3D0&&width=360&height=360&format=zip&fps=30&tileFormat=mp4&startDwell=0&endDwell=0&fromScreenshot&disableUI,20190408
https://thumbnails-earthtime.cmucreatelab.org/thumbnail?root=https%3A%2F%2Fdavos2019.earthtime.org%2Fexplore%23l%3Dbdrk%2Csmell_my_city_pgh_reports%2Cplume_20190408%26bt%3D20190408130000%26et%3D20190408190000%26v%3D581806%2C708156%2C584252%2C710601%2Cpts%26ps%3D2400%26startDwell%3D0%26endDwell%3D0&&width=360&height=360&format=zip&fps=30&tileFormat=mp4&startDwell=0&endDwell=0&fromScreenshot&disableUI,20190408
https://thumbnails-earthtime.cmucreatelab.org/thumbnail?root=https%3A%2F%2Fdavos2019.earthtime.org%2Fexplore%23l%3Dbdrk%2Csmell_my_city_pgh_reports%2Cplume_20190408%26bt%3D20190408190000%26et%3D20190409010000%26v%3D581806%2C708156%2C584252%2C710601%2Cpts%26ps%3D2400%26startDwell%3D0%26endDwell%3D0&&width=360&height=360&format=zip&fps=30&tileFormat=mp4&startDwell=0&endDwell=0&fromScreenshot&disableUI,20190408
https://thumbnails-earthtime.cmucreatelab.org/thumbnail?root=https%3A%2F%2Fdavos2019.earthtime.org%2Fexplore%23l%3Dbdrk%2Csmell_my_city_pgh_reports%2Cplume_20190409%26bt%3D20190409010000%26et%3D20190409070000%26v%3D581806%2C708156%2C584252%2C710601%2Cpts%26ps%3D2400%26startDwell%3D0%26endDwell%3D0&&width=360&height=360&format=zip&fps=30&tileFormat=mp4&startDwell=0&endDwell=0&fromScreenshot&disableUI,20190409
https://thumbnails-earthtime.cmucreatelab.org/thumbnail?root=https%3A%2F%2Fdavos2019.earthtime.org%2Fexplore%23l%3Dbdrk%2Csmell_my_city_pgh_reports%2Cplume_20190409%26bt%3D20190409070000%26et%3D20190409130000%26v%3D581806%2C708156%2C584252%2C710601%2Cpts%26ps%3D2400%26startDwell%3D0%26endDwell%3D0&&width=360&height=360&format=zip&fps=30&tileFormat=mp4&startDwell=0&endDwell=0&fromScreenshot&disableUI,20190409
https://thumbnails-earthtime.cmucreatelab.org/thumbnail?root=https%3A%2F%2Fdavos2019.earthtime.org%2Fexplore%23l%3Dbdrk%2Csmell_my_city_pgh_reports%2Cplume_20190409%26bt%3D20190409130000%26et%3D20190409190000%26v%3D581806%2C708156%2C584252%2C710601%2Cpts%26ps%3D2400%26startDwell%3D0%26endDwell%3D0&&width=360&height=360&format=zip&fps=30&tileFormat=mp4&startDwell=0&endDwell=0&fromScreenshot&disableUI,20190409
https://thumbnails-earthtime.cmucreatelab.org/thumbnail?root=https%3A%2F%2Fdavos2019.earthtime.org%2Fexplore%23l%3Dbdrk%2Csmell_my_city_pgh_reports%2Cplume_20190409%26bt%3D20190409190000%26et%3D20190410010000%26v%3D581806%2C708156%2C584252%2C710601%2Cpts%26ps%3D2400%26startDwell%3D0%26endDwell%3D0&&width=360&height=360&format=zip&fps=30&tileFormat=mp4&startDwell=0&endDwell=0&fromScreenshot&disableUI,20190409
https://thumbnails-earthtime.cmucreatelab.org/thumbnail?root=https%3A%2F%2Fdavos2019.earthtime.org%2Fexplore%23l%3Dbdrk%2Csmell_my_city_pgh_reports%2Cplume_20190410%26bt%3D20190410010000%26et%3D20190410070000%26v%3D581806%2C708156%2C584252%2C710601%2Cpts%26ps%3D2400%26startDwell%3D0%26endDwell%3D0&&width=360&height=360&format=zip&fps=30&tileFormat=mp4&startDwell=0&endDwell=0&fromScreenshot&disableUI,20190410
https://thumbnails-earthtime.cmucreatelab.org/thumbnail?root=https%3A%2F%2Fdavos2019.earthtime.org%2Fexplore%23l%3Dbdrk%2Csmell_my_city_pgh_reports%2Cplume_20190410%26bt%3D20190410070000%26et%3D20190410130000%26v%3D581806%2C708156%2C584252%2C710601%2Cpts%26ps%3D2400%26startDwell%3D0%26endDwell%3D0&&width=360&height=360&format=zip&fps=30&tileFormat=mp4&startDwell=0&endDwell=0&fromScreenshot&disableUI,20190410
https://thumbnails-earthtime.cmucreatelab.org/thumbnail?root=https%3A%2F%2Fdavos2019.earthtime.org%2Fexplore%23l%3Dbdrk%2Csmell_my_city_pgh_reports%2Cplume_20190410%26bt%3D20190410130000%26et%3D20190410190000%26v%3D581806%2C708156%2C584252%2C710601%2Cpts%26ps%3D2400%26startDwell%3D0%26endDwell%3D0&&width=360&height=360&format=zip&fps=30&tileFormat=mp4&startDwell=0&endDwell=0&fromScreenshot&disableUI,20190410
https://thumbnails-earthtime.cmucreatelab.org/thumbnail?root=https%3A%2F%2Fdavos2019.earthtime.org%2Fexplore%23l%3Dbdrk%2Csmell_my_city_pgh_reports%2Cplume_20190410%26bt%3D20190410190000%26et%3D20190411010000%26v%3D581806%2C708156%2C584252%2C710601%2Cpts%26ps%3D2400%26startDwell%3D0%26endDwell%3D0&&width=360&height=360&format=zip&fps=30&tileFormat=mp4&startDwell=0&endDwell=0&fromScreenshot&disableUI,20190410
https://thumbnails-earthtime.cmucreatelab.org/thumbnail?root=https%3A%2F%2Fdavos2019.earthtime.org%2Fexplore%23l%3Dbdrk%2Csmell_my_city_pgh_reports%2Cplume_20190411%26bt%3D20190411010000%26et%3D20190411070000%26v%3D581806%2C708156%2C584252%2C710601%2Cpts%26ps%3D2400%26startDwell%3D0%26endDwell%3D0&&width=360&height=360&format=zip&fps=30&tileFormat=mp4&startDwell=0&endDwell=0&fromScreenshot&disableUI,20190411
https://thumbnails-earthtime.cmucreatelab.org/thumbnail?root=https%3A%2F%2Fdavos2019.earthtime.org%2Fexplore%23l%3Dbdrk%2Csmell_my_city_pgh_reports%2Cplume_20190411%26bt%3D20190411070000%26et%3D20190411130000%26v%3D581806%2C708156%2C584252%2C710601%2Cpts%26ps%3D2400%26startDwell%3D0%26endDwell%3D0&&width=360&height=360&format=zip&fps=30&tileFormat=mp4&startDwell=0&endDwell=0&fromScreenshot&disableUI,20190411
https://thumbnails-earthtime.cmucreatelab.org/thumbnail?root=https%3A%2F%2Fdavos2019.earthtime.org%2Fexplore%23l%3Dbdrk%2Csmell_my_city_pgh_reports%2Cplume_20190411%26bt%3D20190411130000%26et%3D20190411190000%26v%3D581806%2C708156%2C584252%2C710601%2Cpts%26ps%3D2400%26startDwell%3D0%26endDwell%3D0&&width=360&height=360&format=zip&fps=30&tileFormat=mp4&startDwell=0&endDwell=0&fromScreenshot&disableUI,20190411
https://thumbnails-earthtime.cmucreatelab.org/thumbnail?root=https%3A%2F%2Fdavos2019.earthtime.org%2Fexplore%23l%3Dbdrk%2Csmell_my_city_pgh_reports%2Cplume_20190411%26bt%3D20190411190000%26et%3D20190412010000%26v%3D581806%2C708156%2C584252%2C710601%2Cpts%26ps%3D2400%26startDwell%3D0%26endDwell%3D0&&width=360&height=360&format=zip&fps=30&tileFormat=mp4&startDwell=0&endDwell=0&fromScreenshot&disableUI,20190411
https://thumbnails-earthtime.cmucreatelab.org/thumbnail?root=https%3A%2F%2Fdavos2019.earthtime.org%2Fexplore%23l%3Dbdrk%2Csmell_my_city_pgh_reports%2Cplume_20190412%26bt%3D20190412010000%26et%3D20190412070000%26v%3D581806%2C708156%2C584252%2C710601%2Cpts%26ps%3D2400%26startDwell%3D0%26endDwell%3D0&&width=360&height=360&format=zip&fps=30&tileFormat=mp4&startDwell=0&endDwell=0&fromScreenshot&disableUI,20190412
https://thumbnails-earthtime.cmucreatelab.org/thumbnail?root=https%3A%2F%2Fdavos2019.earthtime.org%2Fexplore%23l%3Dbdrk%2Csmell_my_city_pgh_reports%2Cplume_20190412%26bt%3D20190412070000%26et%3D20190412130000%26v%3D581806%2C708156%2C584252%2C710601%2Cpts%26ps%3D2400%26startDwell%3D0%26endDwell%3D0&&width=360&height=360&format=zip&fps=30&tileFormat=mp4&startDwell=0&endDwell=0&fromScreenshot&disableUI,20190412
https://thumbnails-earthtime.cmucreatelab.org/thumbnail?root=https%3A%2F%2Fdavos2019.earthtime.org%2Fexplore%23l%3Dbdrk%2Csmell_my_city_pgh_reports%2Cplume_20190412%26bt%3D20190412130000%26et%3D20190412190000%26v%3D581806%2C708156%2C584252%2C710601%2Cpts%26ps%3D2400%26startDwell%3D0%26endDwell%3D0&&width=360&height=360&format=zip&fps=30&tileFormat=mp4&startDwell=0&endDwell=0&fromScreenshot&disableUI,20190412
https://thumbnails-earthtime.cmucreatelab.org/thumbnail?root=https%3A%2F%2Fdavos2019.earthtime.org%2Fexplore%23l%3Dbdrk%2Csmell_my_city_pgh_reports%2Cplume_20190412%26bt%3D20190412190000%26et%3D20190413010000%26v%3D581806%2C708156%2C584252%2C710601%2Cpts%26ps%3D2400%26startDwell%3D0%26endDwell%3D0&&width=360&height=360&format=zip&fps=30&tileFormat=mp4&startDwell=0&endDwell=0&fromScreenshot&disableUI,20190412
https://thumbnails-earthtime.cmucreatelab.org/thumbnail?root=https%3A%2F%2Fdavos2019.earthtime.org%2Fexplore%23l%3Dbdrk%2Csmell_my_city_pgh_reports%2Cplume_20190413%26bt%3D20190413010000%26et%3D20190413070000%26v%3D581806%2C708156%2C584252%2C710601%2Cpts%26ps%3D2400%26startDwell%3D0%26endDwell%3D0&&width=360&height=360&format=zip&fps=30&tileFormat=mp4&startDwell=0&endDwell=0&fromScreenshot&disableUI,20190413
https://thumbnails-earthtime.cmucreatelab.org/thumbnail?root=https%3A%2F%2Fdavos2019.earthtime.org%2Fexplore%23l%3Dbdrk%2Csmell_my_city_pgh_reports%2Cplume_20190413%26bt%3D20190413070000%26et%3D20190413130000%26v%3D581806%2C708156%2C584252%2C710601%2Cpts%26ps%3D2400%26startDwell%3D0%26endDwell%3D0&&width=360&height=360&format=zip&fps=30&tileFormat=mp4&startDwell=0&endDwell=0&fromScreenshot&disableUI,20190413
https://thumbnails-earthtime.cmucreatelab.org/thumbnail?root=https%3A%2F%2Fdavos2019.earthtime.org%2Fexplore%23l%3Dbdrk%2Csmell_my_city_pgh_reports%2Cplume_20190413%26bt%3D20190413130000%26et%3D20190413190000%26v%3D581806%2C708156%2C584252%2C710601%2Cpts%26ps%3D2400%26startDwell%3D0%26endDwell%3D0&&width=360&height=360&format=zip&fps=30&tileFormat=mp4&startDwell=0&endDwell=0&fromScreenshot&disableUI,20190413
https://thumbnails-earthtime.cmucreatelab.org/thumbnail?root=https%3A%2F%2Fdavos2019.earthtime.org%2Fexplore%23l%3Dbdrk%2Csmell_my_city_pgh_reports%2Cplume_20190413%26bt%3D20190413190000%26et%3D20190414010000%26v%3D581806%2C708156%2C584252%2C710601%2Cpts%26ps%3D2400%26startDwell%3D0%26endDwell%3D0&&width=360&height=360&format=zip&fps=30&tileFormat=mp4&startDwell=0&endDwell=0&fromScreenshot&disableUI,20190413
https://thumbnails-earthtime.cmucreatelab.org/thumbnail?root=https%3A%2F%2Fdavos2019.earthtime.org%2Fexplore%23l%3Dbdrk%2Csmell_my_city_pgh_reports%2Cplume_20190414%26bt%3D20190414010000%26et%3D20190414070000%26v%3D581806%2C708156%2C584252%2C710601%2Cpts%26ps%3D2400%26startDwell%3D0%26endDwell%3D0&&width=360&height=360&format=zip&fps=30&tileFormat=mp4&startDwell=0&endDwell=0&fromScreenshot&disableUI,20190414
https://thumbnails-earthtime.cmucreatelab.org/thumbnail?root=https%3A%2F%2Fdavos2019.earthtime.org%2Fexplore%23l%3Dbdrk%2Csmell_my_city_pgh_reports%2Cplume_20190414%26bt%3D20190414070000%26et%3D20190414130000%26v%3D581806%2C708156%2C584252%2C710601%2Cpts%26ps%3D2400%26startDwell%3D0%26endDwell%3D0&&width=360&height=360&format=zip&fps=30&tileFormat=mp4&startDwell=0&endDwell=0&fromScreenshot&disableUI,20190414
https://thumbnails-earthtime.cmucreatelab.org/thumbnail?root=https%3A%2F%2Fdavos2019.earthtime.org%2Fexplore%23l%3Dbdrk%2Csmell_my_city_pgh_reports%2Cplume_20190414%26bt%3D20190414130000%26et%3D20190414190000%26v%3D581806%2C708156%2C584252%2C710601%2Cpts%26ps%3D2400%26startDwell%3D0%26endDwell%3D0&&width=360&height=360&format=zip&fps=30&tileFormat=mp4&startDwell=0&endDwell=0&fromScreenshot&disableUI,20190414
https://thumbnails-earthtime.cmucreatelab.org/thumbnail?root=https%3A%2F%2Fdavos2019.earthtime.org%2Fexplore%23l%3Dbdrk%2Csmell_my_city_pgh_reports%2Cplume_20190414%26bt%3D20190414190000%26et%3D20190415010000%26v%3D581806%2C708156%2C584252%2C710601%2Cpts%26ps%3D2400%26startDwell%3D0%26endDwell%3D0&&width=360&height=360&format=zip&fps=30&tileFormat=mp4&startDwell=0&endDwell=0&fromScreenshot&disableUI,20190414
https://thumbnails-earthtime.cmucreatelab.org/thumbnail?root=https%3A%2F%2Fdavos2019.earthtime.org%2Fexplore%23l%3Dbdrk%2Csmell_my_city_pgh_reports%2Cplume_20190415%26bt%3D20190415010000%26et%3D20190415070000%26v%3D581806%2C708156%2C584252%2C710601%2Cpts%26ps%3D2400%26startDwell%3D0%26endDwell%3D0&&width=360&height=360&format=zip&fps=30&tileFormat=mp4&startDwell=0&endDwell=0&fromScreenshot&disableUI,20190415
https://thumbnails-earthtime.cmucreatelab.org/thumbnail?root=https%3A%2F%2Fdavos2019.earthtime.org%2Fexplore%23l%3Dbdrk%2Csmell_my_city_pgh_reports%2Cplume_20190415%26bt%3D20190415070000%26et%3D20190415130000%26v%3D581806%2C708156%2C584252%2C710601%2Cpts%26ps%3D2400%26startDwell%3D0%26endDwell%3D0&&width=360&height=360&format=zip&fps=30&tileFormat=mp4&startDwell=0&endDwell=0&fromScreenshot&disableUI,20190415
https://thumbnails-earthtime.cmucreatelab.org/thumbnail?root=https%3A%2F%2Fdavos2019.earthtime.org%2Fexplore%23l%3Dbdrk%2Csmell_my_city_pgh_reports%2Cplume_20190415%26bt%3D20190415130000%26et%3D20190415190000%26v%3D581806%2C708156%2C584252%2C710601%2Cpts%26ps%3D2400%26startDwell%3D0%26endDwell%3D0&&width=360&height=360&format=zip&fps=30&tileFormat=mp4&startDwell=0&endDwell=0&fromScreenshot&disableUI,20190415
https://thumbnails-earthtime.cmucreatelab.org/thumbnail?root=https%3A%2F%2Fdavos2019.earthtime.org%2Fexplore%23l%3Dbdrk%2Csmell_my_city_pgh_reports%2Cplume_20190415%26bt%3D20190415190000%26et%3D20190416010000%26v%3D581806%2C708156%2C584252%2C710601%2Cpts%26ps%3D2400%26startDwell%3D0%26endDwell%3D0&&width=360&height=360&format=zip&fps=30&tileFormat=mp4&startDwell=0&endDwell=0&fromScreenshot&disableUI,20190415
https://thumbnails-earthtime.cmucreatelab.org/thumbnail?root=https%3A%2F%2Fdavos2019.earthtime.org%2Fexplore%23l%3Dbdrk%2Csmell_my_city_pgh_reports%2Cplume_20190416%26bt%3D20190416010000%26et%3D20190416070000%26v%3D581806%2C708156%2C584252%2C710601%2Cpts%26ps%3D2400%26startDwell%3D0%26endDwell%3D0&&width=360&height=360&format=zip&fps=30&tileFormat=mp4&startDwell=0&endDwell=0&fromScreenshot&disableUI,20190416
https://thumbnails-earthtime.cmucreatelab.org/thumbnail?root=https%3A%2F%2Fdavos2019.earthtime.org%2Fexplore%23l%3Dbdrk%2Csmell_my_city_pgh_reports%2Cplume_20190416%26bt%3D20190416070000%26et%3D20190416130000%26v%3D581806%2C708156%2C584252%2C710601%2Cpts%26ps%3D2400%26startDwell%3D0%26endDwell%3D0&&width=360&height=360&format=zip&fps=30&tileFormat=mp4&startDwell=0&endDwell=0&fromScreenshot&disableUI,20190416
https://thumbnails-earthtime.cmucreatelab.org/thumbnail?root=https%3A%2F%2Fdavos2019.earthtime.org%2Fexplore%23l%3Dbdrk%2Csmell_my_city_pgh_reports%2Cplume_20190416%26bt%3D20190416130000%26et%3D20190416190000%26v%3D581806%2C708156%2C584252%2C710601%2Cpts%26ps%3D2400%26startDwell%3D0%26endDwell%3D0&&width=360&height=360&format=zip&fps=30&tileFormat=mp4&startDwell=0&endDwell=0&fromScreenshot&disableUI,20190416
https://thumbnails-earthtime.cmucreatelab.org/thumbnail?root=https%3A%2F%2Fdavos2019.earthtime.org%2Fexplore%23l%3Dbdrk%2Csmell_my_city_pgh_reports%2Cplume_20190416%26bt%3D20190416190000%26et%3D20190417010000%26v%3D581806%2C708156%2C584252%2C710601%2Cpts%26ps%3D2400%26startDwell%3D0%26endDwell%3D0&&width=360&height=360&format=zip&fps=30&tileFormat=mp4&startDwell=0&endDwell=0&fromScreenshot&disableUI,20190416
https://thumbnails-earthtime.cmucreatelab.org/thumbnail?root=https%3A%2F%2Fdavos2019.earthtime.org%2Fexplore%23l%3Dbdrk%2Csmell_my_city_pgh_reports%2Cplume_20190417%26bt%3D20190417010000%26et%3D20190417070000%26v%3D581806%2C708156%2C584252%2C710601%2Cpts%26ps%3D2400%26startDwell%3D0%26endDwell%3D0&&width=360&height=360&format=zip&fps=30&tileFormat=mp4&startDwell=0&endDwell=0&fromScreenshot&disableUI,20190417
https://thumbnails-earthtime.cmucreatelab.org/thumbnail?root=https%3A%2F%2Fdavos2019.earthtime.org%2Fexplore%23l%3Dbdrk%2Csmell_my_city_pgh_reports%2Cplume_20190417%26bt%3D20190417070000%26et%3D20190417130000%26v%3D581806%2C708156%2C584252%2C710601%2Cpts%26ps%3D2400%26startDwell%3D0%26endDwell%3D0&&width=360&height=360&format=zip&fps=30&tileFormat=mp4&startDwell=0&endDwell=0&fromScreenshot&disableUI,20190417
https://thumbnails-earthtime.cmucreatelab.org/thumbnail?root=https%3A%2F%2Fdavos2019.earthtime.org%2Fexplore%23l%3Dbdrk%2Csmell_my_city_pgh_reports%2Cplume_20190417%26bt%3D20190417130000%26et%3D20190417190000%26v%3D581806%2C708156%2C584252%2C710601%2Cpts%26ps%3D2400%26startDwell%3D0%26endDwell%3D0&&width=360&height=360&format=zip&fps=30&tileFormat=mp4&startDwell=0&endDwell=0&fromScreenshot&disableUI,20190417
https://thumbnails-earthtime.cmucreatelab.org/thumbnail?root=https%3A%2F%2Fdavos2019.earthtime.org%2Fexplore%23l%3Dbdrk%2Csmell_my_city_pgh_reports%2Cplume_20190417%26bt%3D20190417190000%26et%3D20190418010000%26v%3D581806%2C708156%2C584252%2C710601%2Cpts%26ps%3D2400%26startDwell%3D0%26endDwell%3D0&&width=360&height=360&format=zip&fps=30&tileFormat=mp4&startDwell=0&endDwell=0&fromScreenshot&disableUI,20190417
https://thumbnails-earthtime.cmucreatelab.org/thumbnail?root=https%3A%2F%2Fdavos2019.earthtime.org%2Fexplore%23l%3Dbdrk%2Csmell_my_city_pgh_reports%2Cplume_20190418%26bt%3D20190418010000%26et%3D20190418070000%26v%3D581806%2C708156%2C584252%2C710601%2Cpts%26ps%3D2400%26startDwell%3D0%26endDwell%3D0&&width=360&height=360&format=zip&fps=30&tileFormat=mp4&startDwell=0&endDwell=0&fromScreenshot&disableUI,20190418
https://thumbnails-earthtime.cmucreatelab.org/thumbnail?root=https%3A%2F%2Fdavos2019.earthtime.org%2Fexplore%23l%3Dbdrk%2Csmell_my_city_pgh_reports%2Cplume_20190418%26bt%3D20190418070000%26et%3D20190418130000%26v%3D581806%2C708156%2C584252%2C710601%2Cpts%26ps%3D2400%26startDwell%3D0%26endDwell%3D0&&width=360&height=360&format=zip&fps=30&tileFormat=mp4&startDwell=0&endDwell=0&fromScreenshot&disableUI,20190418
https://thumbnails-earthtime.cmucreatelab.org/thumbnail?root=https%3A%2F%2Fdavos2019.earthtime.org%2Fexplore%23l%3Dbdrk%2Csmell_my_city_pgh_reports%2Cplume_20190418%26bt%3D20190418130000%26et%3D20190418190000%26v%3D581806%2C708156%2C584252%2C710601%2Cpts%26ps%3D2400%26startDwell%3D0%26endDwell%3D0&&width=360&height=360&format=zip&fps=30&tileFormat=mp4&startDwell=0&endDwell=0&fromScreenshot&disableUI,20190418
https://thumbnails-earthtime.cmucreatelab.org/thumbnail?root=https%3A%2F%2Fdavos2019.earthtime.org%2Fexplore%23l%3Dbdrk%2Csmell_my_city_pgh_reports%2Cplume_20190418%26bt%3D20190418190000%26et%3D20190419010000%26v%3D581806%2C708156%2C584252%2C710601%2Cpts%26ps%3D2400%26startDwell%3D0%26endDwell%3D0&&width=360&height=360&format=zip&fps=30&tileFormat=mp4&startDwell=0&endDwell=0&fromScreenshot&disableUI,20190418
https://thumbnails-earthtime.cmucreatelab.org/thumbnail?root=https%3A%2F%2Fdavos2019.earthtime.org%2Fexplore%23l%3Dbdrk%2Csmell_my_city_pgh_reports%2Cplume_20190419%26bt%3D20190419010000%26et%3D20190419070000%26v%3D581806%2C708156%2C584252%2C710601%2Cpts%26ps%3D2400%26startDwell%3D0%26endDwell%3D0&&width=360&height=360&format=zip&fps=30&tileFormat=mp4&startDwell=0&endDwell=0&fromScreenshot&disableUI,20190419
https://thumbnails-earthtime.cmucreatelab.org/thumbnail?root=https%3A%2F%2Fdavos2019.earthtime.org%2Fexplore%23l%3Dbdrk%2Csmell_my_city_pgh_reports%2Cplume_20190419%26bt%3D20190419070000%26et%3D20190419130000%26v%3D581806%2C708156%2C584252%2C710601%2Cpts%26ps%3D2400%26startDwell%3D0%26endDwell%3D0&&width=360&height=360&format=zip&fps=30&tileFormat=mp4&startDwell=0&endDwell=0&fromScreenshot&disableUI,20190419
https://thumbnails-earthtime.cmucreatelab.org/thumbnail?root=https%3A%2F%2Fdavos2019.earthtime.org%2Fexplore%23l%3Dbdrk%2Csmell_my_city_pgh_reports%2Cplume_20190419%26bt%3D20190419130000%26et%3D20190419190000%26v%3D581806%2C708156%2C584252%2C710601%2Cpts%26ps%3D2400%26startDwell%3D0%26endDwell%3D0&&width=360&height=360&format=zip&fps=30&tileFormat=mp4&startDwell=0&endDwell=0&fromScreenshot&disableUI,20190419
https://thumbnails-earthtime.cmucreatelab.org/thumbnail?root=https%3A%2F%2Fdavos2019.earthtime.org%2Fexplore%23l%3Dbdrk%2Csmell_my_city_pgh_reports%2Cplume_20190419%26bt%3D20190419190000%26et%3D20190420010000%26v%3D581806%2C708156%2C584252%2C710601%2Cpts%26ps%3D2400%26startDwell%3D0%26endDwell%3D0&&width=360&height=360&format=zip&fps=30&tileFormat=mp4&startDwell=0&endDwell=0&fromScreenshot&disableUI,20190419
https://thumbnails-earthtime.cmucreatelab.org/thumbnail?root=https%3A%2F%2Fdavos2019.earthtime.org%2Fexplore%23l%3Dbdrk%2Csmell_my_city_pgh_reports%2Cplume_20190420%26bt%3D20190420010000%26et%3D20190420070000%26v%3D581806%2C708156%2C584252%2C710601%2Cpts%26ps%3D2400%26startDwell%3D0%26endDwell%3D0&&width=360&height=360&format=zip&fps=30&tileFormat=mp4&startDwell=0&endDwell=0&fromScreenshot&disableUI,20190420
https://thumbnails-earthtime.cmucreatelab.org/thumbnail?root=https%3A%2F%2Fdavos2019.earthtime.org%2Fexplore%23l%3Dbdrk%2Csmell_my_city_pgh_reports%2Cplume_20190420%26bt%3D20190420070000%26et%3D20190420130000%26v%3D581806%2C708156%2C584252%2C710601%2Cpts%26ps%3D2400%26startDwell%3D0%26endDwell%3D0&&width=360&height=360&format=zip&fps=30&tileFormat=mp4&startDwell=0&endDwell=0&fromScreenshot&disableUI,20190420
https://thumbnails-earthtime.cmucreatelab.org/thumbnail?root=https%3A%2F%2Fdavos2019.earthtime.org%2Fexplore%23l%3Dbdrk%2Csmell_my_city_pgh_reports%2Cplume_20190420%26bt%3D20190420130000%26et%3D20190420190000%26v%3D581806%2C708156%2C584252%2C710601%2Cpts%26ps%3D2400%26startDwell%3D0%26endDwell%3D0&&width=360&height=360&format=zip&fps=30&tileFormat=mp4&startDwell=0&endDwell=0&fromScreenshot&disableUI,20190420
https://thumbnails-earthtime.cmucreatelab.org/thumbnail?root=https%3A%2F%2Fdavos2019.earthtime.org%2Fexplore%23l%3Dbdrk%2Csmell_my_city_pgh_reports%2Cplume_20190420%26bt%3D20190420190000%26et%3D20190421010000%26v%3D581806%2C708156%2C584252%2C710601%2Cpts%26ps%3D2400%26startDwell%3D0%26endDwell%3D0&&width=360&height=360&format=zip&fps=30&tileFormat=mp4&startDwell=0&endDwell=0&fromScreenshot&disableUI,20190420
https://thumbnails-earthtime.cmucreatelab.org/thumbnail?root=https%3A%2F%2Fdavos2019.earthtime.org%2Fexplore%23l%3Dbdrk%2Csmell_my_city_pgh_reports%2Cplume_20190421%26bt%3D20190421010000%26et%3D20190421070000%26v%3D581806%2C708156%2C584252%2C710601%2Cpts%26ps%3D2400%26startDwell%3D0%26endDwell%3D0&&width=360&height=360&format=zip&fps=30&tileFormat=mp4&startDwell=0&endDwell=0&fromScreenshot&disableUI,20190421
https://thumbnails-earthtime.cmucreatelab.org/thumbnail?root=https%3A%2F%2Fdavos2019.earthtime.org%2Fexplore%23l%3Dbdrk%2Csmell_my_city_pgh_reports%2Cplume_20190421%26bt%3D20190421070000%26et%3D20190421130000%26v%3D581806%2C708156%2C584252%2C710601%2Cpts%26ps%3D2400%26startDwell%3D0%26endDwell%3D0&&width=360&height=360&format=zip&fps=30&tileFormat=mp4&startDwell=0&endDwell=0&fromScreenshot&disableUI,20190421
https://thumbnails-earthtime.cmucreatelab.org/thumbnail?root=https%3A%2F%2Fdavos2019.earthtime.org%2Fexplore%23l%3Dbdrk%2Csmell_my_city_pgh_reports%2Cplume_20190421%26bt%3D20190421130000%26et%3D20190421190000%26v%3D581806%2C708156%2C584252%2C710601%2Cpts%26ps%3D2400%26startDwell%3D0%26endDwell%3D0&&width=360&height=360&format=zip&fps=30&tileFormat=mp4&startDwell=0&endDwell=0&fromScreenshot&disableUI,20190421
https://thumbnails-earthtime.cmucreatelab.org/thumbnail?root=https%3A%2F%2Fdavos2019.earthtime.org%2Fexplore%23l%3Dbdrk%2Csmell_my_city_pgh_reports%2Cplume_20190421%26bt%3D20190421190000%26et%3D20190422010000%26v%3D581806%2C708156%2C584252%2C710601%2Cpts%26ps%3D2400%26startDwell%3D0%26endDwell%3D0&&width=360&height=360&format=zip&fps=30&tileFormat=mp4&startDwell=0&endDwell=0&fromScreenshot&disableUI,20190421
https://thumbnails-earthtime.cmucreatelab.org/thumbnail?root=https%3A%2F%2Fdavos2019.earthtime.org%2Fexplore%23l%3Dbdrk%2Csmell_my_city_pgh_reports%2Cplume_20190422%26bt%3D20190422010000%26et%3D20190422070000%26v%3D581806%2C708156%2C584252%2C710601%2Cpts%26ps%3D2400%26startDwell%3D0%26endDwell%3D0&&width=360&height=360&format=zip&fps=30&tileFormat=mp4&startDwell=0&endDwell=0&fromScreenshot&disableUI,20190422
https://thumbnails-earthtime.cmucreatelab.org/thumbnail?root=https%3A%2F%2Fdavos2019.earthtime.org%2Fexplore%23l%3Dbdrk%2Csmell_my_city_pgh_reports%2Cplume_20190422%26bt%3D20190422070000%26et%3D20190422130000%26v%3D581806%2C708156%2C584252%2C710601%2Cpts%26ps%3D2400%26startDwell%3D0%26endDwell%3D0&&width=360&height=360&format=zip&fps=30&tileFormat=mp4&startDwell=0&endDwell=0&fromScreenshot&disableUI,20190422
https://thumbnails-earthtime.cmucreatelab.org/thumbnail?root=https%3A%2F%2Fdavos2019.earthtime.org%2Fexplore%23l%3Dbdrk%2Csmell_my_city_pgh_reports%2Cplume_20190422%26bt%3D20190422130000%26et%3D20190422190000%26v%3D581806%2C708156%2C584252%2C710601%2Cpts%26ps%3D2400%26startDwell%3D0%26endDwell%3D0&&width=360&height=360&format=zip&fps=30&tileFormat=mp4&startDwell=0&endDwell=0&fromScreenshot&disableUI,20190422
https://thumbnails-earthtime.cmucreatelab.org/thumbnail?root=https%3A%2F%2Fdavos2019.earthtime.org%2Fexplore%23l%3Dbdrk%2Csmell_my_city_pgh_reports%2Cplume_20190422%26bt%3D20190422190000%26et%3D20190423010000%26v%3D581806%2C708156%2C584252%2C710601%2Cpts%26ps%3D2400%26startDwell%3D0%26endDwell%3D0&&width=360&height=360&format=zip&fps=30&tileFormat=mp4&startDwell=0&endDwell=0&fromScreenshot&disableUI,20190422
https://thumbnails-earthtime.cmucreatelab.org/thumbnail?root=https%3A%2F%2Fdavos2019.earthtime.org%2Fexplore%23l%3Dbdrk%2Csmell_my_city_pgh_reports%2Cplume_20190423%26bt%3D20190423010000%26et%3D20190423070000%26v%3D581806%2C708156%2C584252%2C710601%2Cpts%26ps%3D2400%26startDwell%3D0%26endDwell%3D0&&width=360&height=360&format=zip&fps=30&tileFormat=mp4&startDwell=0&endDwell=0&fromScreenshot&disableUI,20190423
https://thumbnails-earthtime.cmucreatelab.org/thumbnail?root=https%3A%2F%2Fdavos2019.earthtime.org%2Fexplore%23l%3Dbdrk%2Csmell_my_city_pgh_reports%2Cplume_20190423%26bt%3D20190423070000%26et%3D20190423130000%26v%3D581806%2C708156%2C584252%2C710601%2Cpts%26ps%3D2400%26startDwell%3D0%26endDwell%3D0&&width=360&height=360&format=zip&fps=30&tileFormat=mp4&startDwell=0&endDwell=0&fromScreenshot&disableUI,20190423
https://thumbnails-earthtime.cmucreatelab.org/thumbnail?root=https%3A%2F%2Fdavos2019.earthtime.org%2Fexplore%23l%3Dbdrk%2Csmell_my_city_pgh_reports%2Cplume_20190423%26bt%3D20190423130000%26et%3D20190423190000%26v%3D581806%2C708156%2C584252%2C710601%2Cpts%26ps%3D2400%26startDwell%3D0%26endDwell%3D0&&width=360&height=360&format=zip&fps=30&tileFormat=mp4&startDwell=0&endDwell=0&fromScreenshot&disableUI,20190423
https://thumbnails-earthtime.cmucreatelab.org/thumbnail?root=https%3A%2F%2Fdavos2019.earthtime.org%2Fexplore%23l%3Dbdrk%2Csmell_my_city_pgh_reports%2Cplume_20190423%26bt%3D20190423190000%26et%3D20190424010000%26v%3D581806%2C708156%2C584252%2C710601%2Cpts%26ps%3D2400%26startDwell%3D0%26endDwell%3D0&&width=360&height=360&format=zip&fps=30&tileFormat=mp4&startDwell=0&endDwell=0&fromScreenshot&disableUI,20190423
https://thumbnails-earthtime.cmucreatelab.org/thumbnail?root=https%3A%2F%2Fdavos2019.earthtime.org%2Fexplore%23l%3Dbdrk%2Csmell_my_city_pgh_reports%2Cplume_20190424%26bt%3D20190424010000%26et%3D20190424070000%26v%3D581806%2C708156%2C584252%2C710601%2Cpts%26ps%3D2400%26startDwell%3D0%26endDwell%3D0&&width=360&height=360&format=zip&fps=30&tileFormat=mp4&startDwell=0&endDwell=0&fromScreenshot&disableUI,20190424
https://thumbnails-earthtime.cmucreatelab.org/thumbnail?root=https%3A%2F%2Fdavos2019.earthtime.org%2Fexplore%23l%3Dbdrk%2Csmell_my_city_pgh_reports%2Cplume_20190424%26bt%3D20190424070000%26et%3D20190424130000%26v%3D581806%2C708156%2C584252%2C710601%2Cpts%26ps%3D2400%26startDwell%3D0%26endDwell%3D0&&width=360&height=360&format=zip&fps=30&tileFormat=mp4&startDwell=0&endDwell=0&fromScreenshot&disableUI,20190424
https://thumbnails-earthtime.cmucreatelab.org/thumbnail?root=https%3A%2F%2Fdavos2019.earthtime.org%2Fexplore%23l%3Dbdrk%2Csmell_my_city_pgh_reports%2Cplume_20190424%26bt%3D20190424130000%26et%3D20190424190000%26v%3D581806%2C708156%2C584252%2C710601%2Cpts%26ps%3D2400%26startDwell%3D0%26endDwell%3D0&&width=360&height=360&format=zip&fps=30&tileFormat=mp4&startDwell=0&endDwell=0&fromScreenshot&disableUI,20190424
https://thumbnails-earthtime.cmucreatelab.org/thumbnail?root=https%3A%2F%2Fdavos2019.earthtime.org%2Fexplore%23l%3Dbdrk%2Csmell_my_city_pgh_reports%2Cplume_20190424%26bt%3D20190424190000%26et%3D20190425010000%26v%3D581806%2C708156%2C584252%2C710601%2Cpts%26ps%3D2400%26startDwell%3D0%26endDwell%3D0&&width=360&height=360&format=zip&fps=30&tileFormat=mp4&startDwell=0&endDwell=0&fromScreenshot&disableUI,20190424
https://thumbnails-earthtime.cmucreatelab.org/thumbnail?root=https%3A%2F%2Fdavos2019.earthtime.org%2Fexplore%23l%3Dbdrk%2Csmell_my_city_pgh_reports%2Cplume_20190425%26bt%3D20190425010000%26et%3D20190425070000%26v%3D581806%2C708156%2C584252%2C710601%2Cpts%26ps%3D2400%26startDwell%3D0%26endDwell%3D0&&width=360&height=360&format=zip&fps=30&tileFormat=mp4&startDwell=0&endDwell=0&fromScreenshot&disableUI,20190425
https://thumbnails-earthtime.cmucreatelab.org/thumbnail?root=https%3A%2F%2Fdavos2019.earthtime.org%2Fexplore%23l%3Dbdrk%2Csmell_my_city_pgh_reports%2Cplume_20190425%26bt%3D20190425070000%26et%3D20190425130000%26v%3D581806%2C708156%2C584252%2C710601%2Cpts%26ps%3D2400%26startDwell%3D0%26endDwell%3D0&&width=360&height=360&format=zip&fps=30&tileFormat=mp4&startDwell=0&endDwell=0&fromScreenshot&disableUI,20190425
https://thumbnails-earthtime.cmucreatelab.org/thumbnail?root=https%3A%2F%2Fdavos2019.earthtime.org%2Fexplore%23l%3Dbdrk%2Csmell_my_city_pgh_reports%2Cplume_20190425%26bt%3D20190425130000%26et%3D20190425190000%26v%3D581806%2C708156%2C584252%2C710601%2Cpts%26ps%3D2400%26startDwell%3D0%26endDwell%3D0&&width=360&height=360&format=zip&fps=30&tileFormat=mp4&startDwell=0&endDwell=0&fromScreenshot&disableUI,20190425
https://thumbnails-earthtime.cmucreatelab.org/thumbnail?root=https%3A%2F%2Fdavos2019.earthtime.org%2Fexplore%23l%3Dbdrk%2Csmell_my_city_pgh_reports%2Cplume_20190425%26bt%3D20190425190000%26et%3D20190426010000%26v%3D581806%2C708156%2C584252%2C710601%2Cpts%26ps%3D2400%26startDwell%3D0%26endDwell%3D0&&width=360&height=360&format=zip&fps=30&tileFormat=mp4&startDwell=0&endDwell=0&fromScreenshot&disableUI,20190425
https://thumbnails-earthtime.cmucreatelab.org/thumbnail?root=https%3A%2F%2Fdavos2019.earthtime.org%2Fexplore%23l%3Dbdrk%2Csmell_my_city_pgh_reports%2Cplume_20190426%26bt%3D20190426010000%26et%3D20190426070000%26v%3D581806%2C708156%2C584252%2C710601%2Cpts%26ps%3D2400%26startDwell%3D0%26endDwell%3D0&&width=360&height=360&format=zip&fps=30&tileFormat=mp4&startDwell=0&endDwell=0&fromScreenshot&disableUI,20190426
https://thumbnails-earthtime.cmucreatelab.org/thumbnail?root=https%3A%2F%2Fdavos2019.earthtime.org%2Fexplore%23l%3Dbdrk%2Csmell_my_city_pgh_reports%2Cplume_20190426%26bt%3D20190426070000%26et%3D20190426130000%26v%3D581806%2C708156%2C584252%2C710601%2Cpts%26ps%3D2400%26startDwell%3D0%26endDwell%3D0&&width=360&height=360&format=zip&fps=30&tileFormat=mp4&startDwell=0&endDwell=0&fromScreenshot&disableUI,20190426
https://thumbnails-earthtime.cmucreatelab.org/thumbnail?root=https%3A%2F%2Fdavos2019.earthtime.org%2Fexplore%23l%3Dbdrk%2Csmell_my_city_pgh_reports%2Cplume_20190426%26bt%3D20190426130000%26et%3D20190426190000%26v%3D581806%2C708156%2C584252%2C710601%2Cpts%26ps%3D2400%26startDwell%3D0%26endDwell%3D0&&width=360&height=360&format=zip&fps=30&tileFormat=mp4&startDwell=0&endDwell=0&fromScreenshot&disableUI,20190426
https://thumbnails-earthtime.cmucreatelab.org/thumbnail?root=https%3A%2F%2Fdavos2019.earthtime.org%2Fexplore%23l%3Dbdrk%2Csmell_my_city_pgh_reports%2Cplume_20190426%26bt%3D20190426190000%26et%3D20190427010000%26v%3D581806%2C708156%2C584252%2C710601%2Cpts%26ps%3D2400%26startDwell%3D0%26endDwell%3D0&&width=360&height=360&format=zip&fps=30&tileFormat=mp4&startDwell=0&endDwell=0&fromScreenshot&disableUI,20190426
https://thumbnails-earthtime.cmucreatelab.org/thumbnail?root=https%3A%2F%2Fdavos2019.earthtime.org%2Fexplore%23l%3Dbdrk%2Csmell_my_city_pgh_reports%2Cplume_20190427%26bt%3D20190427010000%26et%3D20190427070000%26v%3D581806%2C708156%2C584252%2C710601%2Cpts%26ps%3D2400%26startDwell%3D0%26endDwell%3D0&&width=360&height=360&format=zip&fps=30&tileFormat=mp4&startDwell=0&endDwell=0&fromScreenshot&disableUI,20190427
https://thumbnails-earthtime.cmucreatelab.org/thumbnail?root=https%3A%2F%2Fdavos2019.earthtime.org%2Fexplore%23l%3Dbdrk%2Csmell_my_city_pgh_reports%2Cplume_20190427%26bt%3D20190427070000%26et%3D20190427130000%26v%3D581806%2C708156%2C584252%2C710601%2Cpts%26ps%3D2400%26startDwell%3D0%26endDwell%3D0&&width=360&height=360&format=zip&fps=30&tileFormat=mp4&startDwell=0&endDwell=0&fromScreenshot&disableUI,20190427
https://thumbnails-earthtime.cmucreatelab.org/thumbnail?root=https%3A%2F%2Fdavos2019.earthtime.org%2Fexplore%23l%3Dbdrk%2Csmell_my_city_pgh_reports%2Cplume_20190427%26bt%3D20190427130000%26et%3D20190427190000%26v%3D581806%2C708156%2C584252%2C710601%2Cpts%26ps%3D2400%26startDwell%3D0%26endDwell%3D0&&width=360&height=360&format=zip&fps=30&tileFormat=mp4&startDwell=0&endDwell=0&fromScreenshot&disableUI,20190427
https://thumbnails-earthtime.cmucreatelab.org/thumbnail?root=https%3A%2F%2Fdavos2019.earthtime.org%2Fexplore%23l%3Dbdrk%2Csmell_my_city_pgh_reports%2Cplume_20190427%26bt%3D20190427190000%26et%3D20190428010000%26v%3D581806%2C708156%2C584252%2C710601%2Cpts%26ps%3D2400%26startDwell%3D0%26endDwell%3D0&&width=360&height=360&format=zip&fps=30&tileFormat=mp4&startDwell=0&endDwell=0&fromScreenshot&disableUI,20190427
https://thumbnails-earthtime.cmucreatelab.org/thumbnail?root=https%3A%2F%2Fdavos2019.earthtime.org%2Fexplore%23l%3Dbdrk%2Csmell_my_city_pgh_reports%2Cplume_20190428%26bt%3D20190428010000%26et%3D20190428070000%26v%3D581806%2C708156%2C584252%2C710601%2Cpts%26ps%3D2400%26startDwell%3D0%26endDwell%3D0&&width=360&height=360&format=zip&fps=30&tileFormat=mp4&startDwell=0&endDwell=0&fromScreenshot&disableUI,20190428
https://thumbnails-earthtime.cmucreatelab.org/thumbnail?root=https%3A%2F%2Fdavos2019.earthtime.org%2Fexplore%23l%3Dbdrk%2Csmell_my_city_pgh_reports%2Cplume_20190428%26bt%3D20190428070000%26et%3D20190428130000%26v%3D581806%2C708156%2C584252%2C710601%2Cpts%26ps%3D2400%26startDwell%3D0%26endDwell%3D0&&width=360&height=360&format=zip&fps=30&tileFormat=mp4&startDwell=0&endDwell=0&fromScreenshot&disableUI,20190428
https://thumbnails-earthtime.cmucreatelab.org/thumbnail?root=https%3A%2F%2Fdavos2019.earthtime.org%2Fexplore%23l%3Dbdrk%2Csmell_my_city_pgh_reports%2Cplume_20190428%26bt%3D20190428130000%26et%3D20190428190000%26v%3D581806%2C708156%2C584252%2C710601%2Cpts%26ps%3D2400%26startDwell%3D0%26endDwell%3D0&&width=360&height=360&format=zip&fps=30&tileFormat=mp4&startDwell=0&endDwell=0&fromScreenshot&disableUI,20190428
https://thumbnails-earthtime.cmucreatelab.org/thumbnail?root=https%3A%2F%2Fdavos2019.earthtime.org%2Fexplore%23l%3Dbdrk%2Csmell_my_city_pgh_reports%2Cplume_20190428%26bt%3D20190428190000%26et%3D20190429010000%26v%3D581806%2C708156%2C584252%2C710601%2Cpts%26ps%3D2400%26startDwell%3D0%26endDwell%3D0&&width=360&height=360&format=zip&fps=30&tileFormat=mp4&startDwell=0&endDwell=0&fromScreenshot&disableUI,20190428
https://thumbnails-earthtime.cmucreatelab.org/thumbnail?root=https%3A%2F%2Fdavos2019.earthtime.org%2Fexplore%23l%3Dbdrk%2Csmell_my_city_pgh_reports%2Cplume_20190429%26bt%3D20190429010000%26et%3D20190429070000%26v%3D581806%2C708156%2C584252%2C710601%2Cpts%26ps%3D2400%26startDwell%3D0%26endDwell%3D0&&width=360&height=360&format=zip&fps=30&tileFormat=mp4&startDwell=0&endDwell=0&fromScreenshot&disableUI,20190429
https://thumbnails-earthtime.cmucreatelab.org/thumbnail?root=https%3A%2F%2Fdavos2019.earthtime.org%2Fexplore%23l%3Dbdrk%2Csmell_my_city_pgh_reports%2Cplume_20190429%26bt%3D20190429070000%26et%3D20190429130000%26v%3D581806%2C708156%2C584252%2C710601%2Cpts%26ps%3D2400%26startDwell%3D0%26endDwell%3D0&&width=360&height=360&format=zip&fps=30&tileFormat=mp4&startDwell=0&endDwell=0&fromScreenshot&disableUI,20190429
https://thumbnails-earthtime.cmucreatelab.org/thumbnail?root=https%3A%2F%2Fdavos2019.earthtime.org%2Fexplore%23l%3Dbdrk%2Csmell_my_city_pgh_reports%2Cplume_20190429%26bt%3D20190429130000%26et%3D20190429190000%26v%3D581806%2C708156%2C584252%2C710601%2Cpts%26ps%3D2400%26startDwell%3D0%26endDwell%3D0&&width=360&height=360&format=zip&fps=30&tileFormat=mp4&startDwell=0&endDwell=0&fromScreenshot&disableUI,20190429
https://thumbnails-earthtime.cmucreatelab.org/thumbnail?root=https%3A%2F%2Fdavos2019.earthtime.org%2Fexplore%23l%3Dbdrk%2Csmell_my_city_pgh_reports%2Cplume_20190429%26bt%3D20190429190000%26et%3D20190430010000%26v%3D581806%2C708156%2C584252%2C710601%2Cpts%26ps%3D2400%26startDwell%3D0%26endDwell%3D0&&width=360&height=360&format=zip&fps=30&tileFormat=mp4&startDwell=0&endDwell=0&fromScreenshot&disableUI,20190429
https://thumbnails-earthtime.cmucreatelab.org/thumbnail?root=https%3A%2F%2Fdavos2019.earthtime.org%2Fexplore%23l%3Dbdrk%2Csmell_my_city_pgh_reports%2Cplume_20190430%26bt%3D20190430010000%26et%3D20190430070000%26v%3D581806%2C708156%2C584252%2C710601%2Cpts%26ps%3D2400%26startDwell%3D0%26endDwell%3D0&&width=360&height=360&format=zip&fps=30&tileFormat=mp4&startDwell=0&endDwell=0&fromScreenshot&disableUI,20190430
https://thumbnails-earthtime.cmucreatelab.org/thumbnail?root=https%3A%2F%2Fdavos2019.earthtime.org%2Fexplore%23l%3Dbdrk%2Csmell_my_city_pgh_reports%2Cplume_20190430%26bt%3D20190430070000%26et%3D20190430130000%26v%3D581806%2C708156%2C584252%2C710601%2Cpts%26ps%3D2400%26startDwell%3D0%26endDwell%3D0&&width=360&height=360&format=zip&fps=30&tileFormat=mp4&startDwell=0&endDwell=0&fromScreenshot&disableUI,20190430
https://thumbnails-earthtime.cmucreatelab.org/thumbnail?root=https%3A%2F%2Fdavos2019.earthtime.org%2Fexplore%23l%3Dbdrk%2Csmell_my_city_pgh_reports%2Cplume_20190430%26bt%3D20190430130000%26et%3D20190430190000%26v%3D581806%2C708156%2C584252%2C710601%2Cpts%26ps%3D2400%26startDwell%3D0%26endDwell%3D0&&width=360&height=360&format=zip&fps=30&tileFormat=mp4&startDwell=0&endDwell=0&fromScreenshot&disableUI,20190430
https://thumbnails-earthtime.cmucreatelab.org/thumbnail?root=https%3A%2F%2Fdavos2019.earthtime.org%2Fexplore%23l%3Dbdrk%2Csmell_my_city_pgh_reports%2Cplume_20190430%26bt%3D20190430190000%26et%3D20190501010000%26v%3D581806%2C708156%2C584252%2C710601%2Cpts%26ps%3D2400%26startDwell%3D0%26endDwell%3D0&&width=360&height=360&format=zip&fps=30&tileFormat=mp4&startDwell=0&endDwell=0&fromScreenshot&disableUI,20190430
